session.code,subsession__round_number,network_id,network_position,network_type,createdBy__bot,createdBy__code,createdBy__avatar,createdBy__threshold,createdBy__position,wall__node__bot,wall__code,wall__avatar,wall__threshold,wall__position,message,deleted,datetime
jn13hsme,1,92,2,star,True,2but2iwa,Lizard,0.0,1,True,BOT,Octopus,0.0,4,I will participate.,False,2018-06-25 22:58:59.874198+00:00
jn13hsme,2,95,2,star,True,2but2iwa,Tiger,1.0,1,True,BOT,Fish,1.0,3,I will participate.,False,2018-06-25 22:59:55.581324+00:00
jn13hsme,3,98,2,star,True,2but2iwa,Dolphin,0.0,1,True,BOT,Bull,1.0,4,I will participate.,False,2018-06-25 23:01:14.928301+00:00
jn13hsme,4,101,2,star,True,2but2iwa,Tiger,0.0,1,True,BOT,Horse,1.0,5,I will participate.,False,2018-06-25 23:04:06.689547+00:00
jn13hsme,5,104,2,star,True,2but2iwa,Koala,1.0,1,True,BOT,Deer,1.0,3,I will participate.,False,2018-06-25 23:04:25.360111+00:00
jn13hsme,6,107,2,circle,True,2but2iwa,Shark,0.0,1,True,BOT,Koala,0.0,2,I will participate.,False,2018-06-25 23:04:46.507569+00:00
fyzongth,1,182,2,star,True,2nrqev3b,Lizard,1.0,1,True,BOT,Koala,1.0,4,I will participate.,False,2018-06-25 23:07:36.547605+00:00
fyzongth,2,185,2,star,True,2nrqev3b,Tiger,0.0,1,True,BOT,Horse,0.0,4,I will participate.,False,2018-06-25 23:07:53.098813+00:00
fyzongth,3,188,2,star,True,2nrqev3b,Dolphin,0.0,1,True,BOT,Hippo,1.0,5,I will participate.,False,2018-06-25 23:08:09.724445+00:00
fyzongth,3,188,2,star,True,2nrqev3b,Dolphin,0.0,1,True,BOT,Gorilla,1.0,4,I will participate.,False,2018-06-25 23:08:09.740145+00:00
fyzongth,3,188,2,star,True,2nrqev3b,Dolphin,0.0,1,True,BOT,Snail,1.0,3,I will participate.,False,2018-06-25 23:08:09.751421+00:00
fyzongth,3,188,2,star,True,2nrqev3b,Dolphin,0.0,1,True,BOT,Deer,1.0,2,I will participate.,False,2018-06-25 23:08:09.807780+00:00
dhlvnkk5,1,1487,2,star,True,h6rho066,Lizard,1.0,1,True,BOT,Octopus,1.0,4,I will not participate.,False,2018-07-01 23:52:17.538134+00:00
dhlvnkk5,1,1487,2,star,True,h6rho066,Lizard,1.0,1,True,BOT,Bull,1.0,5,I will not participate.,False,2018-07-01 23:52:17.539173+00:00
dhlvnkk5,1,1487,2,star,True,h6rho066,Lizard,1.0,1,True,BOT,Duck,1.0,2,I will not participate.,False,2018-07-01 23:52:17.548412+00:00
dhlvnkk5,1,1487,2,star,True,h6rho066,Lizard,1.0,1,True,BOT,Rhino,1.0,3,I will not participate.,False,2018-07-01 23:52:17.603426+00:00
dhlvnkk5,2,1490,2,star,True,h6rho066,Tiger,0.0,1,True,BOT,Lizard,0.0,5,I will participate.,False,2018-07-01 23:54:42.686174+00:00
rtalpduw,1,2342,2,star,True,fz18pfiv,Lizard,0.0,1,True,BOT,Bull,0.0,5,I will participate.,False,2018-07-03 14:35:12.598929+00:00
rtalpduw,1,2342,2,star,True,fz18pfiv,Lizard,0.0,1,True,BOT,Snake,0.0,3,I will participate.,False,2018-07-03 14:35:12.661080+00:00
rtalpduw,1,2342,2,star,True,fz18pfiv,Lizard,0.0,1,True,BOT,Koala,0.0,4,I will participate.,False,2018-07-03 14:35:12.670828+00:00
rtalpduw,1,2342,2,star,True,fz18pfiv,Lizard,0.0,1,True,BOT,Duck,0.0,2,I will participate.,False,2018-07-03 14:35:12.713333+00:00
y87f8gwl,1,2477,2,star,False,qsp9721r,Lizard,1.0,1,True,BOT,Bull,1.0,5,I will participate.,False,2018-07-03 14:40:20.992589+00:00
y87f8gwl,1,2477,2,star,False,qsp9721r,Lizard,1.0,1,True,BOT,Octopus,1.0,4,I will participate.,False,2018-07-03 14:40:21.032190+00:00
y87f8gwl,1,2477,2,star,False,qsp9721r,Lizard,1.0,1,True,BOT,Rhino,1.0,3,I will participate.,False,2018-07-03 14:40:21.048192+00:00
y87f8gwl,1,2477,2,star,False,qsp9721r,Lizard,1.0,1,True,BOT,Duck,1.0,2,I will participate.,False,2018-07-03 14:40:21.101776+00:00
y87f8gwl,2,2480,2,star,False,qsp9721r,Tiger,0.0,1,True,BOT,Lizard,0.0,5,I will participate.,False,2018-07-03 14:40:38.333817+00:00
y87f8gwl,2,2480,2,star,False,qsp9721r,Tiger,0.0,1,True,BOT,Cat,0.0,4,I will participate.,False,2018-07-03 14:40:38.363177+00:00
y87f8gwl,2,2480,2,star,False,qsp9721r,Tiger,0.0,1,True,BOT,Fish,0.0,3,I will participate.,False,2018-07-03 14:40:38.373545+00:00
y87f8gwl,2,2480,2,star,False,qsp9721r,Tiger,0.0,1,True,BOT,Deer,0.0,2,I will participate.,False,2018-07-03 14:40:38.410162+00:00
xsrkblkf,1,6391,1,clique,False,usyhkbnv,Bear,1.0,3,False,7tnlu5eg,Snail,1.0,4,I will not participate.,False,2018-09-19 18:39:57.211491+00:00
xsrkblkf,1,6391,1,clique,False,usyhkbnv,Bear,1.0,3,False,idoj6y7e,Koala,1.0,5,I will not participate.,False,2018-09-19 18:39:57.212574+00:00
xsrkblkf,1,6391,1,clique,False,usyhkbnv,Bear,1.0,3,False,5t9symag,Lion,1.0,2,I will not participate.,False,2018-09-19 18:39:57.215940+00:00
xsrkblkf,1,6391,1,clique,False,usyhkbnv,Bear,1.0,3,False,u7123h8h,Chicken,1.0,1,I will not participate.,False,2018-09-19 18:39:57.309836+00:00
xsrkblkf,1,6391,1,clique,False,7tnlu5eg,Snail,1.0,4,False,idoj6y7e,Koala,1.0,5,I will participate.,False,2018-09-19 18:39:57.909075+00:00
xsrkblkf,1,6391,1,clique,False,7tnlu5eg,Snail,1.0,4,False,usyhkbnv,Bear,1.0,3,I will participate.,False,2018-09-19 18:39:57.911411+00:00
xsrkblkf,1,6391,1,clique,False,7tnlu5eg,Snail,1.0,4,False,5t9symag,Lion,1.0,2,I will participate.,False,2018-09-19 18:39:57.934581+00:00
xsrkblkf,1,6391,1,clique,False,7tnlu5eg,Snail,1.0,4,False,u7123h8h,Chicken,1.0,1,I will participate.,False,2018-09-19 18:39:57.978494+00:00
xsrkblkf,1,6391,1,clique,False,u7123h8h,Chicken,1.0,1,False,idoj6y7e,Koala,1.0,5,I will participate.,False,2018-09-19 18:40:00.838636+00:00
xsrkblkf,1,6391,1,clique,False,idoj6y7e,Koala,1.0,5,False,usyhkbnv,Bear,1.0,3,I will participate.,False,2018-09-19 18:40:07.494883+00:00
xsrkblkf,1,6391,1,clique,False,idoj6y7e,Koala,1.0,5,False,7tnlu5eg,Snail,1.0,4,I will participate.,False,2018-09-19 18:40:07.513479+00:00
xsrkblkf,1,6391,1,clique,False,idoj6y7e,Koala,1.0,5,False,5t9symag,Lion,1.0,2,I will participate.,False,2018-09-19 18:40:07.521612+00:00
xsrkblkf,1,6391,1,clique,False,idoj6y7e,Koala,1.0,5,False,u7123h8h,Chicken,1.0,1,I will participate.,False,2018-09-19 18:40:07.578839+00:00
xsrkblkf,1,6391,1,clique,False,u7123h8h,Chicken,1.0,1,False,7tnlu5eg,Snail,1.0,4,I will participate.,False,2018-09-19 18:40:09.935323+00:00
xsrkblkf,1,6391,1,clique,False,5t9symag,Lion,1.0,2,False,7tnlu5eg,Snail,1.0,4,I will participate.,False,2018-09-19 18:40:11.940887+00:00
xsrkblkf,1,6391,1,clique,False,5t9symag,Lion,1.0,2,False,idoj6y7e,Koala,1.0,5,I will participate.,False,2018-09-19 18:40:11.942571+00:00
xsrkblkf,1,6391,1,clique,False,5t9symag,Lion,1.0,2,False,usyhkbnv,Bear,1.0,3,I will participate.,False,2018-09-19 18:40:11.948398+00:00
xsrkblkf,1,6391,1,clique,False,5t9symag,Lion,1.0,2,False,u7123h8h,Chicken,1.0,1,I will participate.,False,2018-09-19 18:40:11.992456+00:00
xsrkblkf,1,6391,1,clique,False,idoj6y7e,Koala,1.0,5,False,idoj6y7e,Koala,1.0,5,I will participate.,False,2018-09-19 18:40:15.004246+00:00
xsrkblkf,1,6391,1,clique,False,u7123h8h,Chicken,1.0,1,False,usyhkbnv,Bear,1.0,3,I will participate.,False,2018-09-19 18:40:18.014158+00:00
xsrkblkf,1,6391,1,clique,False,7tnlu5eg,Snail,1.0,4,False,7tnlu5eg,Snail,1.0,4,I will participate.,False,2018-09-19 18:40:23.099452+00:00
xsrkblkf,1,6391,1,clique,False,u7123h8h,Chicken,1.0,1,False,5t9symag,Lion,1.0,2,I will participate.,False,2018-09-19 18:40:24.158849+00:00
xsrkblkf,1,6392,2,star,False,fb0l0eka,Lizard,1.0,1,False,jc3705q8,Duck,1.0,2,I will participate.,False,2018-09-19 18:40:32.480758+00:00
xsrkblkf,1,6393,3,circle,False,lh1cwegn,Bat,1.0,4,False,253gy1pf,Rabbit,1.0,5,I will participate.,False,2018-09-19 18:40:38.329682+00:00
xsrkblkf,1,6393,3,circle,False,lh1cwegn,Bat,1.0,4,False,ap3lj1gm,Wolf,1.0,3,I will participate.,False,2018-09-19 18:40:38.330968+00:00
xsrkblkf,1,6392,2,star,False,fb0l0eka,Lizard,1.0,1,False,8k8pymq3,Bull,1.0,5,I will participate.,False,2018-09-19 18:40:38.552168+00:00
xsrkblkf,1,6393,3,circle,False,253gy1pf,Rabbit,1.0,5,False,rwbkmsn3,Cow,1.0,1,I will not participate.,False,2018-09-19 18:40:39.270977+00:00
xsrkblkf,1,6392,2,star,False,8k8pymq3,Bull,1.0,5,False,fb0l0eka,Lizard,1.0,1,I will participate.,False,2018-09-19 18:40:39.463261+00:00
xsrkblkf,1,6392,2,star,False,jnsblp1s,Octopus,1.0,4,False,fb0l0eka,Lizard,1.0,1,I will participate.,False,2018-09-19 18:40:40.048585+00:00
xsrkblkf,1,6392,2,star,False,kk3fvdyr,Rhino,1.0,3,False,fb0l0eka,Lizard,1.0,1,I will participate.,False,2018-09-19 18:40:40.739528+00:00
xsrkblkf,1,6392,2,star,False,jc3705q8,Duck,1.0,2,False,fb0l0eka,Lizard,1.0,1,I will participate.,False,2018-09-19 18:40:43.187804+00:00
xsrkblkf,1,6393,3,circle,False,ap3lj1gm,Wolf,1.0,3,False,lh1cwegn,Bat,1.0,4,I will participate.,False,2018-09-19 18:40:43.305399+00:00
xsrkblkf,1,6393,3,circle,False,ap3lj1gm,Wolf,1.0,3,False,covj1do8,Snake,1.0,2,I will participate.,False,2018-09-19 18:40:43.394207+00:00
xsrkblkf,1,6393,3,circle,False,253gy1pf,Rabbit,1.0,5,False,lh1cwegn,Bat,1.0,4,I will not participate.,False,2018-09-19 18:40:43.781527+00:00
xsrkblkf,1,6392,2,star,False,fb0l0eka,Lizard,1.0,1,False,kk3fvdyr,Rhino,1.0,3,I will participate.,False,2018-09-19 18:40:47.599946+00:00
xsrkblkf,1,6393,3,circle,False,ap3lj1gm,Wolf,1.0,3,False,ap3lj1gm,Wolf,1.0,3,I will participate.,False,2018-09-19 18:40:48.676729+00:00
xsrkblkf,1,6393,3,circle,False,covj1do8,Snake,1.0,2,False,covj1do8,Snake,1.0,2,I will not participate.,False,2018-09-19 18:40:52.224010+00:00
xsrkblkf,1,6392,2,star,False,fb0l0eka,Lizard,1.0,1,False,jnsblp1s,Octopus,1.0,4,I will participate.,False,2018-09-19 18:40:53.337581+00:00
xsrkblkf,1,6393,3,circle,False,rwbkmsn3,Cow,1.0,1,False,253gy1pf,Rabbit,1.0,5,I will not participate.,False,2018-09-19 18:41:04.678473+00:00
xsrkblkf,1,6393,3,circle,False,rwbkmsn3,Cow,1.0,1,False,covj1do8,Snake,1.0,2,I will not participate.,False,2018-09-19 18:41:04.692809+00:00
xsrkblkf,2,6394,1,clique,False,idoj6y7e,Horse,0.0,5,False,usyhkbnv,Owl,0.0,3,I will participate.,False,2018-09-19 18:41:28.642845+00:00
xsrkblkf,2,6394,1,clique,False,idoj6y7e,Horse,0.0,5,False,7tnlu5eg,Hippo,0.0,4,I will participate.,False,2018-09-19 18:41:28.646375+00:00
xsrkblkf,2,6394,1,clique,False,idoj6y7e,Horse,0.0,5,False,5t9symag,Bat,0.0,2,I will participate.,False,2018-09-19 18:41:28.648941+00:00
xsrkblkf,2,6394,1,clique,False,idoj6y7e,Horse,0.0,5,False,u7123h8h,Bear,0.0,1,I will participate.,False,2018-09-19 18:41:28.697815+00:00
xsrkblkf,2,6394,1,clique,False,usyhkbnv,Owl,0.0,3,False,idoj6y7e,Horse,0.0,5,I will participate.,False,2018-09-19 18:41:29.723315+00:00
xsrkblkf,2,6394,1,clique,False,usyhkbnv,Owl,0.0,3,False,7tnlu5eg,Hippo,0.0,4,I will participate.,False,2018-09-19 18:41:29.739473+00:00
xsrkblkf,2,6394,1,clique,False,usyhkbnv,Owl,0.0,3,False,5t9symag,Bat,0.0,2,I will participate.,False,2018-09-19 18:41:29.750884+00:00
xsrkblkf,2,6394,1,clique,False,usyhkbnv,Owl,0.0,3,False,u7123h8h,Bear,0.0,1,I will participate.,False,2018-09-19 18:41:29.805375+00:00
xsrkblkf,2,6394,1,clique,False,idoj6y7e,Horse,0.0,5,False,idoj6y7e,Horse,0.0,5,I will participate.,False,2018-09-19 18:41:34.615972+00:00
xsrkblkf,2,6394,1,clique,False,u7123h8h,Bear,0.0,1,False,idoj6y7e,Horse,0.0,5,I will participate.,False,2018-09-19 18:41:34.817216+00:00
xsrkblkf,2,6394,1,clique,False,u7123h8h,Bear,0.0,1,False,7tnlu5eg,Hippo,0.0,4,I will participate.,False,2018-09-19 18:41:34.824981+00:00
xsrkblkf,2,6394,1,clique,False,u7123h8h,Bear,0.0,1,False,usyhkbnv,Owl,0.0,3,I will participate.,False,2018-09-19 18:41:34.839993+00:00
xsrkblkf,2,6394,1,clique,False,u7123h8h,Bear,0.0,1,False,5t9symag,Bat,0.0,2,I will participate.,False,2018-09-19 18:41:34.888298+00:00
xsrkblkf,2,6394,1,clique,False,7tnlu5eg,Hippo,0.0,4,False,usyhkbnv,Owl,0.0,3,I will participate.,False,2018-09-19 18:41:36.063863+00:00
xsrkblkf,2,6394,1,clique,False,7tnlu5eg,Hippo,0.0,4,False,idoj6y7e,Horse,0.0,5,I will participate.,False,2018-09-19 18:41:36.090036+00:00
xsrkblkf,2,6394,1,clique,False,7tnlu5eg,Hippo,0.0,4,False,5t9symag,Bat,0.0,2,I will participate.,False,2018-09-19 18:41:36.111232+00:00
xsrkblkf,2,6394,1,clique,False,7tnlu5eg,Hippo,0.0,4,False,u7123h8h,Bear,0.0,1,I will participate.,False,2018-09-19 18:41:36.168663+00:00
xsrkblkf,2,6394,1,clique,False,5t9symag,Bat,0.0,2,False,idoj6y7e,Horse,0.0,5,I will participate.,False,2018-09-19 18:41:47.246983+00:00
xsrkblkf,2,6394,1,clique,False,5t9symag,Bat,0.0,2,False,7tnlu5eg,Hippo,0.0,4,I will participate.,False,2018-09-19 18:41:47.249762+00:00
xsrkblkf,2,6394,1,clique,False,5t9symag,Bat,0.0,2,False,usyhkbnv,Owl,0.0,3,I will participate.,False,2018-09-19 18:41:47.259979+00:00
xsrkblkf,2,6394,1,clique,False,5t9symag,Bat,0.0,2,False,u7123h8h,Bear,0.0,1,I will participate.,False,2018-09-19 18:41:47.312315+00:00
xsrkblkf,2,6395,2,star,False,fb0l0eka,Tiger,0.0,1,False,8k8pymq3,Lizard,0.0,5,I will participate.,False,2018-09-19 18:42:05.758291+00:00
xsrkblkf,2,6396,3,circle,False,253gy1pf,Mouse,0.0,5,False,rwbkmsn3,Gorilla,0.0,1,I will participate.,False,2018-09-19 18:42:05.891673+00:00
xsrkblkf,2,6396,3,circle,False,253gy1pf,Mouse,0.0,5,False,lh1cwegn,Bee,0.0,4,I will participate.,False,2018-09-19 18:42:05.910512+00:00
xsrkblkf,2,6395,2,star,False,8k8pymq3,Lizard,0.0,5,False,fb0l0eka,Tiger,0.0,1,I will participate.,False,2018-09-19 18:42:07.349572+00:00
xsrkblkf,2,6395,2,star,False,jnsblp1s,Cat,0.0,4,False,fb0l0eka,Tiger,0.0,1,I will participate.,False,2018-09-19 18:42:07.472142+00:00
xsrkblkf,2,6395,2,star,False,kk3fvdyr,Fish,0.0,3,False,fb0l0eka,Tiger,0.0,1,I will participate.,False,2018-09-19 18:42:07.610654+00:00
xsrkblkf,2,6396,3,circle,False,rwbkmsn3,Gorilla,0.0,1,False,253gy1pf,Mouse,0.0,5,I will participate.,False,2018-09-19 18:42:09.263062+00:00
xsrkblkf,2,6396,3,circle,False,rwbkmsn3,Gorilla,0.0,1,False,covj1do8,Monkey,0.0,2,I will participate.,False,2018-09-19 18:42:09.287599+00:00
xsrkblkf,2,6396,3,circle,False,covj1do8,Monkey,0.0,2,False,ap3lj1gm,Tuna,0.0,3,I will participate.,False,2018-09-19 18:42:10.540720+00:00
xsrkblkf,2,6396,3,circle,False,covj1do8,Monkey,0.0,2,False,rwbkmsn3,Gorilla,0.0,1,I will participate.,False,2018-09-19 18:42:10.555435+00:00
xsrkblkf,2,6396,3,circle,False,lh1cwegn,Bee,0.0,4,False,253gy1pf,Mouse,0.0,5,I will participate.,False,2018-09-19 18:42:10.859484+00:00
xsrkblkf,2,6396,3,circle,False,lh1cwegn,Bee,0.0,4,False,ap3lj1gm,Tuna,0.0,3,I will participate.,False,2018-09-19 18:42:10.884765+00:00
xsrkblkf,2,6395,2,star,False,jc3705q8,Deer,0.0,2,False,fb0l0eka,Tiger,0.0,1,I will participate.,False,2018-09-19 18:42:14.962059+00:00
xsrkblkf,2,6396,3,circle,False,ap3lj1gm,Tuna,0.0,3,False,lh1cwegn,Bee,0.0,4,I will participate.,False,2018-09-19 18:42:16.211478+00:00
xsrkblkf,2,6396,3,circle,False,ap3lj1gm,Tuna,0.0,3,False,covj1do8,Monkey,0.0,2,I will participate.,False,2018-09-19 18:42:16.218819+00:00
xsrkblkf,2,6395,2,star,False,fb0l0eka,Tiger,0.0,1,False,kk3fvdyr,Fish,0.0,3,I will participate.,False,2018-09-19 18:42:20.107947+00:00
xsrkblkf,2,6396,3,circle,False,ap3lj1gm,Tuna,0.0,3,False,ap3lj1gm,Tuna,0.0,3,I will participate.,False,2018-09-19 18:42:20.592798+00:00
xsrkblkf,3,6397,1,clique,False,idoj6y7e,Gorilla,1.0,5,False,5t9symag,Chicken,1.0,2,I will participate.,False,2018-09-19 18:42:26.607017+00:00
xsrkblkf,3,6397,1,clique,False,idoj6y7e,Gorilla,1.0,5,False,usyhkbnv,Dog,1.0,3,I will participate.,False,2018-09-19 18:42:26.611592+00:00
xsrkblkf,3,6397,1,clique,False,idoj6y7e,Gorilla,1.0,5,False,7tnlu5eg,Wolf,1.0,4,I will participate.,False,2018-09-19 18:42:26.613556+00:00
xsrkblkf,3,6397,1,clique,False,idoj6y7e,Gorilla,1.0,5,False,u7123h8h,Cat,0.0,1,I will participate.,False,2018-09-19 18:42:26.691784+00:00
xsrkblkf,3,6397,1,clique,False,usyhkbnv,Dog,1.0,3,False,7tnlu5eg,Wolf,1.0,4,I will not participate.,False,2018-09-19 18:42:27.244253+00:00
xsrkblkf,3,6397,1,clique,False,usyhkbnv,Dog,1.0,3,False,idoj6y7e,Gorilla,1.0,5,I will not participate.,False,2018-09-19 18:42:27.252144+00:00
xsrkblkf,3,6397,1,clique,False,usyhkbnv,Dog,1.0,3,False,5t9symag,Chicken,1.0,2,I will not participate.,False,2018-09-19 18:42:27.260889+00:00
xsrkblkf,3,6397,1,clique,False,usyhkbnv,Dog,1.0,3,False,u7123h8h,Cat,0.0,1,I will not participate.,False,2018-09-19 18:42:27.317120+00:00
xsrkblkf,3,6397,1,clique,False,u7123h8h,Cat,0.0,1,False,idoj6y7e,Gorilla,1.0,5,I will participate.,False,2018-09-19 18:42:28.039343+00:00
xsrkblkf,3,6397,1,clique,False,u7123h8h,Cat,0.0,1,False,7tnlu5eg,Wolf,1.0,4,I will participate.,False,2018-09-19 18:42:28.058761+00:00
xsrkblkf,3,6397,1,clique,False,u7123h8h,Cat,0.0,1,False,usyhkbnv,Dog,1.0,3,I will participate.,False,2018-09-19 18:42:28.126234+00:00
xsrkblkf,3,6397,1,clique,False,u7123h8h,Cat,0.0,1,False,5t9symag,Chicken,1.0,2,I will participate.,False,2018-09-19 18:42:28.144700+00:00
xsrkblkf,3,6397,1,clique,False,7tnlu5eg,Wolf,1.0,4,False,idoj6y7e,Gorilla,1.0,5,I will not participate.,False,2018-09-19 18:42:31.579503+00:00
xsrkblkf,3,6397,1,clique,False,7tnlu5eg,Wolf,1.0,4,False,usyhkbnv,Dog,1.0,3,I will not participate.,False,2018-09-19 18:42:31.652793+00:00
xsrkblkf,3,6397,1,clique,False,7tnlu5eg,Wolf,1.0,4,False,5t9symag,Chicken,1.0,2,I will not participate.,False,2018-09-19 18:42:31.753452+00:00
xsrkblkf,3,6397,1,clique,False,7tnlu5eg,Wolf,1.0,4,False,u7123h8h,Cat,0.0,1,I will not participate.,False,2018-09-19 18:42:31.780803+00:00
xsrkblkf,3,6397,1,clique,False,idoj6y7e,Gorilla,1.0,5,False,idoj6y7e,Gorilla,1.0,5,I will not participate.,False,2018-09-19 18:42:34.116680+00:00
xsrkblkf,3,6397,1,clique,False,5t9symag,Chicken,1.0,2,False,idoj6y7e,Gorilla,1.0,5,I will not participate.,False,2018-09-19 18:42:34.566944+00:00
xsrkblkf,3,6397,1,clique,False,5t9symag,Chicken,1.0,2,False,7tnlu5eg,Wolf,1.0,4,I will not participate.,False,2018-09-19 18:42:34.590824+00:00
xsrkblkf,3,6397,1,clique,False,5t9symag,Chicken,1.0,2,False,usyhkbnv,Dog,1.0,3,I will not participate.,False,2018-09-19 18:42:34.602236+00:00
xsrkblkf,3,6397,1,clique,False,5t9symag,Chicken,1.0,2,False,u7123h8h,Cat,0.0,1,I will not participate.,False,2018-09-19 18:42:34.638471+00:00
xsrkblkf,3,6397,1,clique,False,u7123h8h,Cat,0.0,1,False,u7123h8h,Cat,0.0,1,I will participate.,False,2018-09-19 18:42:41.720889+00:00
xsrkblkf,3,6399,3,circle,False,lh1cwegn,Seal,1.0,4,False,253gy1pf,Rat,1.0,5,I will participate.,False,2018-09-19 18:42:52.661599+00:00
xsrkblkf,3,6399,3,circle,False,lh1cwegn,Seal,1.0,4,False,ap3lj1gm,Swan,1.0,3,I will participate.,False,2018-09-19 18:42:52.677744+00:00
xsrkblkf,3,6398,2,star,False,fb0l0eka,Dolphin,0.0,1,False,jc3705q8,Deer,1.0,2,I will participate.,False,2018-09-19 18:42:55.014716+00:00
xsrkblkf,3,6398,2,star,False,jnsblp1s,Bull,1.0,4,False,fb0l0eka,Dolphin,0.0,1,I will participate.,False,2018-09-19 18:42:55.542177+00:00
xsrkblkf,3,6398,2,star,False,kk3fvdyr,Bear,1.0,3,False,fb0l0eka,Dolphin,0.0,1,I will not participate.,False,2018-09-19 18:42:55.659184+00:00
xsrkblkf,3,6398,2,star,False,8k8pymq3,Hippo,1.0,5,False,fb0l0eka,Dolphin,0.0,1,I will participate.,False,2018-09-19 18:42:57.359739+00:00
xsrkblkf,3,6399,3,circle,False,ap3lj1gm,Swan,1.0,3,False,covj1do8,Snail,1.0,2,I will participate.,False,2018-09-19 18:42:58.502596+00:00
xsrkblkf,3,6399,3,circle,False,ap3lj1gm,Swan,1.0,3,False,lh1cwegn,Seal,1.0,4,I will participate.,False,2018-09-19 18:42:58.562249+00:00
xsrkblkf,3,6398,2,star,False,fb0l0eka,Dolphin,0.0,1,False,kk3fvdyr,Bear,1.0,3,I will participate.,False,2018-09-19 18:43:01.315624+00:00
xsrkblkf,3,6399,3,circle,False,ap3lj1gm,Swan,1.0,3,False,ap3lj1gm,Swan,1.0,3,I will participate.,False,2018-09-19 18:43:03.358079+00:00
xsrkblkf,3,6399,3,circle,False,covj1do8,Snail,1.0,2,False,ap3lj1gm,Swan,1.0,3,I will participate.,False,2018-09-19 18:43:06.259445+00:00
xsrkblkf,3,6399,3,circle,False,covj1do8,Snail,1.0,2,False,rwbkmsn3,Koala,0.0,1,I will participate.,False,2018-09-19 18:43:06.262768+00:00
xsrkblkf,3,6398,2,star,False,jc3705q8,Deer,1.0,2,False,fb0l0eka,Dolphin,0.0,1,I will participate.,False,2018-09-19 18:43:07.032189+00:00
xsrkblkf,3,6398,2,star,False,fb0l0eka,Dolphin,0.0,1,False,8k8pymq3,Hippo,1.0,5,I will participate.,False,2018-09-19 18:43:10.850401+00:00
xsrkblkf,3,6399,3,circle,False,rwbkmsn3,Koala,0.0,1,False,253gy1pf,Rat,1.0,5,I will not participate.,False,2018-09-19 18:43:20.652118+00:00
xsrkblkf,3,6399,3,circle,False,rwbkmsn3,Koala,0.0,1,False,covj1do8,Snail,1.0,2,I will not participate.,False,2018-09-19 18:43:20.659015+00:00
xsrkblkf,3,6398,2,star,False,fb0l0eka,Dolphin,0.0,1,False,jnsblp1s,Bull,1.0,4,I will participate.,False,2018-09-19 18:43:29.888675+00:00
xsrkblkf,4,6400,1,clique,False,usyhkbnv,Crab,0.0,3,False,7tnlu5eg,Sheep,1.0,4,I will participate.,False,2018-09-19 18:43:42.804746+00:00
xsrkblkf,4,6400,1,clique,False,usyhkbnv,Crab,0.0,3,False,idoj6y7e,Snail,1.0,5,I will participate.,False,2018-09-19 18:43:42.815076+00:00
xsrkblkf,4,6400,1,clique,False,usyhkbnv,Crab,0.0,3,False,5t9symag,Squirrel,1.0,2,I will participate.,False,2018-09-19 18:43:42.828551+00:00
xsrkblkf,4,6400,1,clique,False,usyhkbnv,Crab,0.0,3,False,u7123h8h,Eagle,0.0,1,I will participate.,False,2018-09-19 18:43:42.883786+00:00
xsrkblkf,4,6400,1,clique,False,u7123h8h,Eagle,0.0,1,False,7tnlu5eg,Sheep,1.0,4,I will participate.,False,2018-09-19 18:43:46.475175+00:00
xsrkblkf,4,6400,1,clique,False,u7123h8h,Eagle,0.0,1,False,usyhkbnv,Crab,0.0,3,I will participate.,False,2018-09-19 18:43:46.475936+00:00
xsrkblkf,4,6400,1,clique,False,u7123h8h,Eagle,0.0,1,False,idoj6y7e,Snail,1.0,5,I will participate.,False,2018-09-19 18:43:46.489148+00:00
xsrkblkf,4,6400,1,clique,False,u7123h8h,Eagle,0.0,1,False,5t9symag,Squirrel,1.0,2,I will participate.,False,2018-09-19 18:43:46.562942+00:00
xsrkblkf,4,6400,1,clique,False,7tnlu5eg,Sheep,1.0,4,False,usyhkbnv,Crab,0.0,3,I will not participate.,False,2018-09-19 18:43:48.687908+00:00
xsrkblkf,4,6400,1,clique,False,7tnlu5eg,Sheep,1.0,4,False,idoj6y7e,Snail,1.0,5,I will not participate.,False,2018-09-19 18:43:48.693592+00:00
xsrkblkf,4,6400,1,clique,False,7tnlu5eg,Sheep,1.0,4,False,5t9symag,Squirrel,1.0,2,I will not participate.,False,2018-09-19 18:43:48.703654+00:00
xsrkblkf,4,6400,1,clique,False,7tnlu5eg,Sheep,1.0,4,False,u7123h8h,Eagle,0.0,1,I will not participate.,False,2018-09-19 18:43:48.754429+00:00
xsrkblkf,4,6400,1,clique,False,u7123h8h,Eagle,0.0,1,False,u7123h8h,Eagle,0.0,1,I will participate.,False,2018-09-19 18:43:54.780152+00:00
xsrkblkf,4,6400,1,clique,False,5t9symag,Squirrel,1.0,2,False,7tnlu5eg,Sheep,1.0,4,I will participate.,False,2018-09-19 18:43:56.199237+00:00
xsrkblkf,4,6400,1,clique,False,5t9symag,Squirrel,1.0,2,False,idoj6y7e,Snail,1.0,5,I will participate.,False,2018-09-19 18:43:56.205965+00:00
xsrkblkf,4,6400,1,clique,False,5t9symag,Squirrel,1.0,2,False,usyhkbnv,Crab,0.0,3,I will participate.,False,2018-09-19 18:43:56.228419+00:00
xsrkblkf,4,6400,1,clique,False,5t9symag,Squirrel,1.0,2,False,u7123h8h,Eagle,0.0,1,I will participate.,False,2018-09-19 18:43:56.280396+00:00
xsrkblkf,4,6401,2,star,False,8k8pymq3,Horse,1.0,5,False,fb0l0eka,Tiger,0.0,1,I will participate.,False,2018-09-19 18:44:06.882764+00:00
xsrkblkf,4,6401,2,star,False,fb0l0eka,Tiger,0.0,1,False,jc3705q8,Frog,1.0,2,I will participate.,False,2018-09-19 18:44:08.247689+00:00
xsrkblkf,4,6401,2,star,False,jc3705q8,Frog,1.0,2,False,fb0l0eka,Tiger,0.0,1,I will participate.,False,2018-09-19 18:44:10.276946+00:00
xsrkblkf,4,6401,2,star,False,jnsblp1s,Lobster,1.0,4,False,fb0l0eka,Tiger,0.0,1,I will participate.,False,2018-09-19 18:44:11.588524+00:00
xsrkblkf,4,6401,2,star,False,fb0l0eka,Tiger,0.0,1,False,kk3fvdyr,Lizard,0.0,3,I will participate.,False,2018-09-19 18:44:14.218663+00:00
xsrkblkf,4,6401,2,star,False,kk3fvdyr,Lizard,0.0,3,False,fb0l0eka,Tiger,0.0,1,I will participate.,False,2018-09-19 18:44:17.706445+00:00
xsrkblkf,4,6401,2,star,False,fb0l0eka,Tiger,0.0,1,False,8k8pymq3,Horse,1.0,5,I will participate.,False,2018-09-19 18:44:24.699829+00:00
xsrkblkf,5,6403,1,clique,False,usyhkbnv,Goat,1.0,3,False,idoj6y7e,Owl,0.0,5,I will participate.,False,2018-09-19 18:44:33.172158+00:00
xsrkblkf,5,6403,1,clique,False,usyhkbnv,Goat,1.0,3,False,7tnlu5eg,Snake,0.0,4,I will participate.,False,2018-09-19 18:44:33.184419+00:00
xsrkblkf,5,6403,1,clique,False,usyhkbnv,Goat,1.0,3,False,5t9symag,Swan,0.0,2,I will participate.,False,2018-09-19 18:44:33.201301+00:00
xsrkblkf,5,6403,1,clique,False,usyhkbnv,Goat,1.0,3,False,u7123h8h,Fish,1.0,1,I will participate.,False,2018-09-19 18:44:33.253153+00:00
xsrkblkf,4,6401,2,star,False,fb0l0eka,Tiger,0.0,1,False,jnsblp1s,Lobster,1.0,4,I will participate.,False,2018-09-19 18:44:34.327860+00:00
xsrkblkf,5,6403,1,clique,False,u7123h8h,Fish,1.0,1,False,7tnlu5eg,Snake,0.0,4,I will participate.,False,2018-09-19 18:44:35.805021+00:00
xsrkblkf,5,6403,1,clique,False,u7123h8h,Fish,1.0,1,False,idoj6y7e,Owl,0.0,5,I will participate.,False,2018-09-19 18:44:35.806030+00:00
xsrkblkf,5,6403,1,clique,False,u7123h8h,Fish,1.0,1,False,usyhkbnv,Goat,1.0,3,I will participate.,False,2018-09-19 18:44:35.819832+00:00
xsrkblkf,5,6403,1,clique,False,u7123h8h,Fish,1.0,1,False,5t9symag,Swan,0.0,2,I will participate.,False,2018-09-19 18:44:35.879837+00:00
xsrkblkf,5,6403,1,clique,False,7tnlu5eg,Snake,0.0,4,False,usyhkbnv,Goat,1.0,3,I will participate.,False,2018-09-19 18:44:36.105649+00:00
xsrkblkf,5,6403,1,clique,False,7tnlu5eg,Snake,0.0,4,False,idoj6y7e,Owl,0.0,5,I will participate.,False,2018-09-19 18:44:36.111082+00:00
xsrkblkf,5,6403,1,clique,False,7tnlu5eg,Snake,0.0,4,False,5t9symag,Swan,0.0,2,I will participate.,False,2018-09-19 18:44:36.122516+00:00
xsrkblkf,5,6403,1,clique,False,7tnlu5eg,Snake,0.0,4,False,u7123h8h,Fish,1.0,1,I will participate.,False,2018-09-19 18:44:36.182734+00:00
xsrkblkf,4,6402,3,circle,False,ap3lj1gm,Wolf,0.0,3,False,lh1cwegn,Seal,1.0,4,I will participate.,False,2018-09-19 18:44:37.484979+00:00
xsrkblkf,4,6402,3,circle,False,ap3lj1gm,Wolf,0.0,3,False,covj1do8,Pig,1.0,2,I will participate.,False,2018-09-19 18:44:37.488259+00:00
xsrkblkf,5,6403,1,clique,False,idoj6y7e,Owl,0.0,5,False,7tnlu5eg,Snake,0.0,4,I will not participate.,False,2018-09-19 18:44:37.749736+00:00
xsrkblkf,5,6403,1,clique,False,idoj6y7e,Owl,0.0,5,False,5t9symag,Swan,0.0,2,I will not participate.,False,2018-09-19 18:44:37.769666+00:00
xsrkblkf,5,6403,1,clique,False,idoj6y7e,Owl,0.0,5,False,usyhkbnv,Goat,1.0,3,I will not participate.,False,2018-09-19 18:44:37.780893+00:00
xsrkblkf,5,6403,1,clique,False,idoj6y7e,Owl,0.0,5,False,u7123h8h,Fish,1.0,1,I will not participate.,False,2018-09-19 18:44:37.830809+00:00
xsrkblkf,4,6402,3,circle,False,253gy1pf,Octopus,1.0,5,False,rwbkmsn3,Lion,0.0,1,I will participate.,False,2018-09-19 18:44:40.184354+00:00
xsrkblkf,4,6402,3,circle,False,253gy1pf,Octopus,1.0,5,False,lh1cwegn,Seal,1.0,4,I will participate.,False,2018-09-19 18:44:40.211023+00:00
xsrkblkf,4,6402,3,circle,False,ap3lj1gm,Wolf,0.0,3,False,ap3lj1gm,Wolf,0.0,3,I will participate.,False,2018-09-19 18:44:41.964947+00:00
xsrkblkf,5,6403,1,clique,False,5t9symag,Swan,0.0,2,False,idoj6y7e,Owl,0.0,5,I will participate.,False,2018-09-19 18:44:42.404542+00:00
xsrkblkf,5,6403,1,clique,False,5t9symag,Swan,0.0,2,False,u7123h8h,Fish,1.0,1,I will participate.,False,2018-09-19 18:44:42.405437+00:00
xsrkblkf,5,6403,1,clique,False,5t9symag,Swan,0.0,2,False,usyhkbnv,Goat,1.0,3,I will participate.,False,2018-09-19 18:44:42.415470+00:00
xsrkblkf,5,6403,1,clique,False,5t9symag,Swan,0.0,2,False,7tnlu5eg,Snake,0.0,4,I will participate.,False,2018-09-19 18:44:42.465172+00:00
xsrkblkf,4,6402,3,circle,False,covj1do8,Pig,1.0,2,False,ap3lj1gm,Wolf,0.0,3,I will participate.,False,2018-09-19 18:44:43.555264+00:00
xsrkblkf,4,6402,3,circle,False,covj1do8,Pig,1.0,2,False,rwbkmsn3,Lion,0.0,1,I will participate.,False,2018-09-19 18:44:43.570961+00:00
xsrkblkf,5,6403,1,clique,False,u7123h8h,Fish,1.0,1,False,u7123h8h,Fish,1.0,1,I will participate.,False,2018-09-19 18:44:43.628188+00:00
xsrkblkf,4,6402,3,circle,False,lh1cwegn,Seal,1.0,4,False,253gy1pf,Octopus,1.0,5,I will participate.,False,2018-09-19 18:44:49.642082+00:00
xsrkblkf,4,6402,3,circle,False,lh1cwegn,Seal,1.0,4,False,ap3lj1gm,Wolf,0.0,3,I will participate.,False,2018-09-19 18:44:49.651084+00:00
xsrkblkf,4,6402,3,circle,False,rwbkmsn3,Lion,0.0,1,False,253gy1pf,Octopus,1.0,5,I will not participate.,False,2018-09-19 18:44:52.680028+00:00
xsrkblkf,4,6402,3,circle,False,rwbkmsn3,Lion,0.0,1,False,covj1do8,Pig,1.0,2,I will not participate.,False,2018-09-19 18:44:52.728405+00:00
xsrkblkf,5,6404,2,star,False,8k8pymq3,Lion,0.0,5,False,fb0l0eka,Koala,1.0,1,I will participate.,False,2018-09-19 18:45:08.309943+00:00
xsrkblkf,5,6404,2,star,False,fb0l0eka,Koala,1.0,1,False,jc3705q8,Giraffe,0.0,2,I will not participate.,False,2018-09-19 18:45:09.299316+00:00
xsrkblkf,5,6404,2,star,False,jc3705q8,Giraffe,0.0,2,False,fb0l0eka,Koala,1.0,1,I will participate.,False,2018-09-19 18:45:09.518526+00:00
xsrkblkf,5,6404,2,star,False,jnsblp1s,Rat,0.0,4,False,fb0l0eka,Koala,1.0,1,I will participate.,False,2018-09-19 18:45:12.717619+00:00
xsrkblkf,5,6404,2,star,False,fb0l0eka,Koala,1.0,1,False,kk3fvdyr,Deer,1.0,3,I will not participate.,False,2018-09-19 18:45:15.209788+00:00
xsrkblkf,5,6404,2,star,False,fb0l0eka,Koala,1.0,1,False,jnsblp1s,Rat,0.0,4,I will not participate.,False,2018-09-19 18:45:20.931588+00:00
xsrkblkf,5,6404,2,star,False,kk3fvdyr,Deer,1.0,3,False,fb0l0eka,Koala,1.0,1,I will participate.,False,2018-09-19 18:45:21.209679+00:00
xsrkblkf,5,6404,2,star,False,fb0l0eka,Koala,1.0,1,False,8k8pymq3,Lion,0.0,5,I will not participate.,False,2018-09-19 18:45:25.521340+00:00
xsrkblkf,5,6405,3,circle,False,253gy1pf,Seal,0.0,5,False,lh1cwegn,Sheep,0.0,4,I will participate.,False,2018-09-19 18:45:53.362121+00:00
xsrkblkf,5,6405,3,circle,False,253gy1pf,Seal,0.0,5,False,rwbkmsn3,Crab,1.0,1,I will participate.,False,2018-09-19 18:45:53.367216+00:00
xsrkblkf,5,6405,3,circle,False,lh1cwegn,Sheep,0.0,4,False,253gy1pf,Seal,0.0,5,I will participate.,False,2018-09-19 18:45:53.969533+00:00
xsrkblkf,5,6405,3,circle,False,lh1cwegn,Sheep,0.0,4,False,ap3lj1gm,Tiger,1.0,3,I will participate.,False,2018-09-19 18:45:53.984724+00:00
xsrkblkf,6,6406,1,star,False,idoj6y7e,Frog,1.0,5,False,u7123h8h,Pig,1.0,1,I will participate.,False,2018-09-19 18:45:55.759676+00:00
xsrkblkf,6,6406,1,star,False,u7123h8h,Pig,1.0,1,False,u7123h8h,Pig,1.0,1,I will participate.,True,2018-09-19 18:45:58.167884+00:00
xsrkblkf,5,6405,3,circle,False,covj1do8,Frog,0.0,2,False,rwbkmsn3,Crab,1.0,1,I will participate.,False,2018-09-19 18:45:58.285367+00:00
xsrkblkf,5,6405,3,circle,False,covj1do8,Frog,0.0,2,False,ap3lj1gm,Tiger,1.0,3,I will participate.,False,2018-09-19 18:45:58.286090+00:00
xsrkblkf,6,6406,1,star,False,idoj6y7e,Frog,1.0,5,False,idoj6y7e,Frog,1.0,5,I will participate.,False,2018-09-19 18:45:59.736879+00:00
xsrkblkf,5,6405,3,circle,False,253gy1pf,Seal,0.0,5,False,253gy1pf,Seal,0.0,5,I will participate.,False,2018-09-19 18:46:00.394907+00:00
xsrkblkf,6,6406,1,star,False,usyhkbnv,Raccoon,1.0,3,False,u7123h8h,Pig,1.0,1,I will not participate.,False,2018-09-19 18:46:03.911306+00:00
xsrkblkf,6,6407,2,circle,False,fb0l0eka,Shark,1.0,1,False,jc3705q8,Koala,1.0,2,I will participate.,True,2018-09-19 18:46:09.140999+00:00
xsrkblkf,6,6406,1,star,False,5t9symag,Tiger,1.0,2,False,u7123h8h,Pig,1.0,1,I will not participate.,False,2018-09-19 18:46:10.057764+00:00
xsrkblkf,6,6407,2,circle,False,8k8pymq3,Elephant,1.0,5,False,jnsblp1s,Bull,1.0,4,I will participate.,False,2018-09-19 18:46:11.256283+00:00
xsrkblkf,6,6407,2,circle,False,8k8pymq3,Elephant,1.0,5,False,fb0l0eka,Shark,1.0,1,I will participate.,False,2018-09-19 18:46:11.283516+00:00
xsrkblkf,5,6405,3,circle,False,ap3lj1gm,Tiger,1.0,3,False,lh1cwegn,Sheep,0.0,4,I will participate.,False,2018-09-19 18:46:11.657743+00:00
xsrkblkf,5,6405,3,circle,False,ap3lj1gm,Tiger,1.0,3,False,covj1do8,Frog,0.0,2,I will participate.,False,2018-09-19 18:46:11.658495+00:00
xsrkblkf,6,6406,1,star,False,u7123h8h,Pig,1.0,1,False,7tnlu5eg,Whale,1.0,4,I will not participate.,False,2018-09-19 18:46:12.032343+00:00
xsrkblkf,6,6406,1,star,False,u7123h8h,Pig,1.0,1,False,idoj6y7e,Frog,1.0,5,I will not participate.,False,2018-09-19 18:46:12.038239+00:00
xsrkblkf,6,6406,1,star,False,u7123h8h,Pig,1.0,1,False,usyhkbnv,Raccoon,1.0,3,I will not participate.,False,2018-09-19 18:46:12.053084+00:00
xsrkblkf,6,6406,1,star,False,u7123h8h,Pig,1.0,1,False,5t9symag,Tiger,1.0,2,I will not participate.,False,2018-09-19 18:46:12.095724+00:00
xsrkblkf,6,6407,2,circle,False,jnsblp1s,Bull,1.0,4,False,8k8pymq3,Elephant,1.0,5,I will participate.,False,2018-09-19 18:46:14.526415+00:00
xsrkblkf,6,6407,2,circle,False,jnsblp1s,Bull,1.0,4,False,kk3fvdyr,Dog,1.0,3,I will participate.,False,2018-09-19 18:46:14.529139+00:00
xsrkblkf,5,6405,3,circle,False,ap3lj1gm,Tiger,1.0,3,False,ap3lj1gm,Tiger,1.0,3,I will participate.,False,2018-09-19 18:46:15.839158+00:00
xsrkblkf,6,6407,2,circle,False,jc3705q8,Koala,1.0,2,False,kk3fvdyr,Dog,1.0,3,I will not participate.,False,2018-09-19 18:46:17.895083+00:00
xsrkblkf,6,6407,2,circle,False,jc3705q8,Koala,1.0,2,False,fb0l0eka,Shark,1.0,1,I will not participate.,False,2018-09-19 18:46:17.910944+00:00
xsrkblkf,6,6407,2,circle,False,kk3fvdyr,Dog,1.0,3,False,jnsblp1s,Bull,1.0,4,I will not participate.,False,2018-09-19 18:46:19.205537+00:00
xsrkblkf,6,6407,2,circle,False,fb0l0eka,Shark,1.0,1,False,8k8pymq3,Elephant,1.0,5,I will not participate.,False,2018-09-19 18:46:24.164511+00:00
xsrkblkf,6,6406,1,star,False,u7123h8h,Pig,1.0,1,False,u7123h8h,Pig,1.0,1,I will not participate.,False,2018-09-19 18:46:30.802151+00:00
xsrkblkf,5,6405,3,circle,False,rwbkmsn3,Crab,1.0,1,False,253gy1pf,Seal,0.0,5,I will not participate.,False,2018-09-19 18:46:40.934911+00:00
xsrkblkf,5,6405,3,circle,False,rwbkmsn3,Crab,1.0,1,False,covj1do8,Frog,0.0,2,I will not participate.,False,2018-09-19 18:46:40.988224+00:00
xsrkblkf,6,6407,2,circle,False,fb0l0eka,Shark,1.0,1,False,jc3705q8,Koala,1.0,2,I will not participate.,False,2018-09-19 18:46:43.666525+00:00
xsrkblkf,7,6409,1,star,False,usyhkbnv,Dolphin,0.0,3,False,u7123h8h,Chicken,0.0,1,I will participate.,False,2018-09-19 18:47:01.364799+00:00
xsrkblkf,7,6409,1,star,False,idoj6y7e,Eagle,0.0,5,False,u7123h8h,Chicken,0.0,1,I will participate.,False,2018-09-19 18:47:03.921385+00:00
xsrkblkf,7,6409,1,star,False,u7123h8h,Chicken,0.0,1,False,7tnlu5eg,Crocodile,0.0,4,I will participate.,False,2018-09-19 18:47:05.759981+00:00
xsrkblkf,7,6409,1,star,False,u7123h8h,Chicken,0.0,1,False,idoj6y7e,Eagle,0.0,5,I will participate.,False,2018-09-19 18:47:05.790918+00:00
xsrkblkf,7,6409,1,star,False,u7123h8h,Chicken,0.0,1,False,usyhkbnv,Dolphin,0.0,3,I will participate.,False,2018-09-19 18:47:05.798733+00:00
xsrkblkf,7,6409,1,star,False,u7123h8h,Chicken,0.0,1,False,5t9symag,Tiger,0.0,2,I will participate.,False,2018-09-19 18:47:05.848670+00:00
xsrkblkf,7,6409,1,star,False,7tnlu5eg,Crocodile,0.0,4,False,u7123h8h,Chicken,0.0,1,I will participate.,False,2018-09-19 18:47:05.896962+00:00
xsrkblkf,7,6409,1,star,False,5t9symag,Tiger,0.0,2,False,u7123h8h,Chicken,0.0,1,I will participate.,False,2018-09-19 18:47:06.035935+00:00
xsrkblkf,7,6409,1,star,False,u7123h8h,Chicken,0.0,1,False,u7123h8h,Chicken,0.0,1,I will participate.,False,2018-09-19 18:47:11.436493+00:00
xsrkblkf,6,6408,3,clique,False,lh1cwegn,Wolf,1.0,4,False,253gy1pf,Gorilla,1.0,5,I will participate.,False,2018-09-19 18:47:18.755063+00:00
xsrkblkf,6,6408,3,clique,False,lh1cwegn,Wolf,1.0,4,False,ap3lj1gm,Owl,1.0,3,I will participate.,False,2018-09-19 18:47:18.772629+00:00
xsrkblkf,6,6408,3,clique,False,lh1cwegn,Wolf,1.0,4,False,covj1do8,Kangaroo,1.0,2,I will participate.,False,2018-09-19 18:47:18.834292+00:00
xsrkblkf,6,6408,3,clique,False,lh1cwegn,Wolf,1.0,4,False,rwbkmsn3,Swan,1.0,1,I will participate.,False,2018-09-19 18:47:18.865160+00:00
xsrkblkf,6,6408,3,clique,False,rwbkmsn3,Swan,1.0,1,False,lh1cwegn,Wolf,1.0,4,I will participate.,False,2018-09-19 18:47:19.364284+00:00
xsrkblkf,6,6408,3,clique,False,rwbkmsn3,Swan,1.0,1,False,253gy1pf,Gorilla,1.0,5,I will participate.,False,2018-09-19 18:47:19.365012+00:00
xsrkblkf,6,6408,3,clique,False,rwbkmsn3,Swan,1.0,1,False,ap3lj1gm,Owl,1.0,3,I will participate.,False,2018-09-19 18:47:19.436249+00:00
xsrkblkf,6,6408,3,clique,False,rwbkmsn3,Swan,1.0,1,False,covj1do8,Kangaroo,1.0,2,I will participate.,False,2018-09-19 18:47:19.436958+00:00
xsrkblkf,6,6408,3,clique,False,ap3lj1gm,Owl,1.0,3,False,253gy1pf,Gorilla,1.0,5,I will participate.,False,2018-09-19 18:47:19.735576+00:00
xsrkblkf,6,6408,3,clique,False,ap3lj1gm,Owl,1.0,3,False,lh1cwegn,Wolf,1.0,4,I will participate.,False,2018-09-19 18:47:19.737025+00:00
xsrkblkf,6,6408,3,clique,False,ap3lj1gm,Owl,1.0,3,False,covj1do8,Kangaroo,1.0,2,I will participate.,False,2018-09-19 18:47:19.749792+00:00
xsrkblkf,6,6408,3,clique,False,ap3lj1gm,Owl,1.0,3,False,rwbkmsn3,Swan,1.0,1,I will participate.,False,2018-09-19 18:47:19.793864+00:00
xsrkblkf,6,6408,3,clique,False,ap3lj1gm,Owl,1.0,3,False,ap3lj1gm,Owl,1.0,3,I will participate.,False,2018-09-19 18:47:24.457959+00:00
xsrkblkf,7,6410,2,circle,False,fb0l0eka,Cow,0.0,1,False,8k8pymq3,Tuna,0.0,5,I will participate.,False,2018-09-19 18:47:29.826751+00:00
xsrkblkf,7,6410,2,circle,False,jc3705q8,Bull,0.0,2,False,kk3fvdyr,Owl,0.0,3,I will participate.,False,2018-09-19 18:47:30.887211+00:00
xsrkblkf,7,6410,2,circle,False,jc3705q8,Bull,0.0,2,False,fb0l0eka,Cow,0.0,1,I will participate.,False,2018-09-19 18:47:30.887948+00:00
xsrkblkf,7,6410,2,circle,False,8k8pymq3,Tuna,0.0,5,False,fb0l0eka,Cow,0.0,1,I will participate.,False,2018-09-19 18:47:31.159859+00:00
xsrkblkf,7,6410,2,circle,False,8k8pymq3,Tuna,0.0,5,False,jnsblp1s,Lion,0.0,4,I will participate.,False,2018-09-19 18:47:31.176789+00:00
xsrkblkf,7,6410,2,circle,False,jnsblp1s,Lion,0.0,4,False,kk3fvdyr,Owl,0.0,3,I will participate.,False,2018-09-19 18:47:32.533844+00:00
xsrkblkf,7,6410,2,circle,False,jnsblp1s,Lion,0.0,4,False,8k8pymq3,Tuna,0.0,5,I will participate.,False,2018-09-19 18:47:32.538053+00:00
xsrkblkf,6,6408,3,clique,False,covj1do8,Kangaroo,1.0,2,False,253gy1pf,Gorilla,1.0,5,I will participate.,False,2018-09-19 18:47:33.683957+00:00
xsrkblkf,6,6408,3,clique,False,covj1do8,Kangaroo,1.0,2,False,lh1cwegn,Wolf,1.0,4,I will participate.,False,2018-09-19 18:47:33.691825+00:00
xsrkblkf,6,6408,3,clique,False,covj1do8,Kangaroo,1.0,2,False,rwbkmsn3,Swan,1.0,1,I will participate.,False,2018-09-19 18:47:33.699571+00:00
xsrkblkf,6,6408,3,clique,False,covj1do8,Kangaroo,1.0,2,False,ap3lj1gm,Owl,1.0,3,I will participate.,False,2018-09-19 18:47:33.753541+00:00
xsrkblkf,7,6410,2,circle,False,fb0l0eka,Cow,0.0,1,False,jc3705q8,Bull,0.0,2,I will participate.,False,2018-09-19 18:47:34.973131+00:00
xsrkblkf,7,6410,2,circle,False,kk3fvdyr,Owl,0.0,3,False,jnsblp1s,Lion,0.0,4,I will participate.,False,2018-09-19 18:47:35.089473+00:00
xsrkblkf,7,6410,2,circle,False,kk3fvdyr,Owl,0.0,3,False,jc3705q8,Bull,0.0,2,I will participate.,False,2018-09-19 18:47:41.079760+00:00
xsrkblkf,8,6412,1,star,False,usyhkbnv,Rat,1.0,3,False,u7123h8h,Snake,0.0,1,I will not participate.,False,2018-09-19 18:47:42.973636+00:00
xsrkblkf,8,6412,1,star,False,idoj6y7e,Duck,1.0,5,False,u7123h8h,Snake,0.0,1,I will participate.,False,2018-09-19 18:47:43.880868+00:00
xsrkblkf,8,6412,1,star,False,7tnlu5eg,Rabbit,1.0,4,False,u7123h8h,Snake,0.0,1,I will not participate.,False,2018-09-19 18:47:45.005474+00:00
xsrkblkf,8,6412,1,star,False,u7123h8h,Snake,0.0,1,False,idoj6y7e,Duck,1.0,5,I will participate.,False,2018-09-19 18:47:45.628493+00:00
xsrkblkf,8,6412,1,star,False,u7123h8h,Snake,0.0,1,False,7tnlu5eg,Rabbit,1.0,4,I will participate.,False,2018-09-19 18:47:45.712946+00:00
xsrkblkf,8,6412,1,star,False,u7123h8h,Snake,0.0,1,False,usyhkbnv,Rat,1.0,3,I will participate.,False,2018-09-19 18:47:45.774613+00:00
xsrkblkf,8,6412,1,star,False,u7123h8h,Snake,0.0,1,False,5t9symag,Frog,1.0,2,I will participate.,False,2018-09-19 18:47:45.781873+00:00
xsrkblkf,8,6412,1,star,False,u7123h8h,Snake,0.0,1,False,u7123h8h,Snake,0.0,1,I will participate.,False,2018-09-19 18:47:49.828566+00:00
xsrkblkf,8,6412,1,star,False,5t9symag,Frog,1.0,2,False,u7123h8h,Snake,0.0,1,I will not participate.,False,2018-09-19 18:47:50.267499+00:00
xsrkblkf,7,6411,3,clique,False,lh1cwegn,Lizard,0.0,4,False,ap3lj1gm,Swan,0.0,3,I will participate.,False,2018-09-19 18:48:04.706090+00:00
xsrkblkf,7,6411,3,clique,False,lh1cwegn,Lizard,0.0,4,False,253gy1pf,Penguin,0.0,5,I will participate.,False,2018-09-19 18:48:04.707172+00:00
xsrkblkf,7,6411,3,clique,False,lh1cwegn,Lizard,0.0,4,False,covj1do8,Snake,0.0,2,I will participate.,False,2018-09-19 18:48:04.716658+00:00
xsrkblkf,7,6411,3,clique,False,lh1cwegn,Lizard,0.0,4,False,rwbkmsn3,Mouse,0.0,1,I will participate.,False,2018-09-19 18:48:04.787438+00:00
xsrkblkf,7,6411,3,clique,False,253gy1pf,Penguin,0.0,5,False,lh1cwegn,Lizard,0.0,4,I will participate.,False,2018-09-19 18:48:05.011268+00:00
xsrkblkf,7,6411,3,clique,False,253gy1pf,Penguin,0.0,5,False,ap3lj1gm,Swan,0.0,3,I will participate.,False,2018-09-19 18:48:05.034083+00:00
xsrkblkf,7,6411,3,clique,False,253gy1pf,Penguin,0.0,5,False,covj1do8,Snake,0.0,2,I will participate.,False,2018-09-19 18:48:05.043088+00:00
xsrkblkf,7,6411,3,clique,False,253gy1pf,Penguin,0.0,5,False,rwbkmsn3,Mouse,0.0,1,I will participate.,False,2018-09-19 18:48:05.104216+00:00
xsrkblkf,7,6411,3,clique,False,rwbkmsn3,Mouse,0.0,1,False,253gy1pf,Penguin,0.0,5,I will participate.,False,2018-09-19 18:48:07.846149+00:00
xsrkblkf,7,6411,3,clique,False,rwbkmsn3,Mouse,0.0,1,False,lh1cwegn,Lizard,0.0,4,I will participate.,False,2018-09-19 18:48:07.894471+00:00
xsrkblkf,7,6411,3,clique,False,rwbkmsn3,Mouse,0.0,1,False,ap3lj1gm,Swan,0.0,3,I will participate.,False,2018-09-19 18:48:08.011220+00:00
xsrkblkf,7,6411,3,clique,False,rwbkmsn3,Mouse,0.0,1,False,covj1do8,Snake,0.0,2,I will participate.,False,2018-09-19 18:48:08.129329+00:00
xsrkblkf,7,6411,3,clique,False,253gy1pf,Penguin,0.0,5,False,253gy1pf,Penguin,0.0,5,I will participate.,False,2018-09-19 18:48:08.534312+00:00
xsrkblkf,7,6411,3,clique,False,ap3lj1gm,Swan,0.0,3,False,253gy1pf,Penguin,0.0,5,I will participate.,False,2018-09-19 18:48:11.179602+00:00
xsrkblkf,7,6411,3,clique,False,ap3lj1gm,Swan,0.0,3,False,lh1cwegn,Lizard,0.0,4,I will participate.,False,2018-09-19 18:48:11.194937+00:00
xsrkblkf,7,6411,3,clique,False,ap3lj1gm,Swan,0.0,3,False,covj1do8,Snake,0.0,2,I will participate.,False,2018-09-19 18:48:11.208888+00:00
xsrkblkf,7,6411,3,clique,False,ap3lj1gm,Swan,0.0,3,False,rwbkmsn3,Mouse,0.0,1,I will participate.,False,2018-09-19 18:48:11.257279+00:00
xsrkblkf,8,6413,2,circle,False,fb0l0eka,Eagle,0.0,1,False,8k8pymq3,Beaver,1.0,5,I will participate.,False,2018-09-19 18:48:13.086604+00:00
xsrkblkf,7,6411,3,clique,False,covj1do8,Snake,0.0,2,False,253gy1pf,Penguin,0.0,5,I will participate.,False,2018-09-19 18:48:14.301499+00:00
xsrkblkf,7,6411,3,clique,False,covj1do8,Snake,0.0,2,False,lh1cwegn,Lizard,0.0,4,I will participate.,False,2018-09-19 18:48:14.307336+00:00
xsrkblkf,7,6411,3,clique,False,covj1do8,Snake,0.0,2,False,rwbkmsn3,Mouse,0.0,1,I will participate.,False,2018-09-19 18:48:14.308693+00:00
xsrkblkf,7,6411,3,clique,False,covj1do8,Snake,0.0,2,False,ap3lj1gm,Swan,0.0,3,I will participate.,False,2018-09-19 18:48:14.366929+00:00
xsrkblkf,7,6411,3,clique,False,ap3lj1gm,Swan,0.0,3,False,ap3lj1gm,Swan,0.0,3,I will participate.,False,2018-09-19 18:48:15.989197+00:00
xsrkblkf,8,6413,2,circle,False,fb0l0eka,Eagle,0.0,1,False,jc3705q8,Rhino,1.0,2,I will participate.,False,2018-09-19 18:48:17.427287+00:00
xsrkblkf,8,6413,2,circle,False,jnsblp1s,Tuna,1.0,4,False,8k8pymq3,Beaver,1.0,5,I will participate.,False,2018-09-19 18:48:18.317002+00:00
xsrkblkf,8,6413,2,circle,False,jnsblp1s,Tuna,1.0,4,False,kk3fvdyr,Monkey,1.0,3,I will participate.,False,2018-09-19 18:48:18.326825+00:00
xsrkblkf,9,6415,1,star,False,idoj6y7e,Cow,1.0,5,False,u7123h8h,Crab,0.0,1,I will participate.,False,2018-09-19 18:48:18.747606+00:00
xsrkblkf,9,6415,1,star,False,usyhkbnv,Shark,0.0,3,False,u7123h8h,Crab,0.0,1,I will participate.,False,2018-09-19 18:48:19.091153+00:00
xsrkblkf,8,6413,2,circle,False,jc3705q8,Rhino,1.0,2,False,kk3fvdyr,Monkey,1.0,3,I will not participate.,False,2018-09-19 18:48:20.062035+00:00
xsrkblkf,8,6413,2,circle,False,jc3705q8,Rhino,1.0,2,False,fb0l0eka,Eagle,0.0,1,I will not participate.,False,2018-09-19 18:48:20.063737+00:00
xsrkblkf,8,6413,2,circle,False,8k8pymq3,Beaver,1.0,5,False,jnsblp1s,Tuna,1.0,4,I will participate.,False,2018-09-19 18:48:21.178439+00:00
xsrkblkf,8,6413,2,circle,False,8k8pymq3,Beaver,1.0,5,False,fb0l0eka,Eagle,0.0,1,I will participate.,False,2018-09-19 18:48:21.188118+00:00
xsrkblkf,8,6413,2,circle,False,kk3fvdyr,Monkey,1.0,3,False,jnsblp1s,Tuna,1.0,4,I will participate.,False,2018-09-19 18:48:22.072299+00:00
xsrkblkf,9,6415,1,star,False,u7123h8h,Crab,0.0,1,False,7tnlu5eg,Bull,1.0,4,I will participate.,False,2018-09-19 18:48:24.118198+00:00
xsrkblkf,9,6415,1,star,False,u7123h8h,Crab,0.0,1,False,idoj6y7e,Cow,1.0,5,I will participate.,False,2018-09-19 18:48:24.119592+00:00
xsrkblkf,9,6415,1,star,False,u7123h8h,Crab,0.0,1,False,usyhkbnv,Shark,0.0,3,I will participate.,False,2018-09-19 18:48:24.129548+00:00
xsrkblkf,9,6415,1,star,False,u7123h8h,Crab,0.0,1,False,5t9symag,Owl,1.0,2,I will participate.,False,2018-09-19 18:48:24.197644+00:00
xsrkblkf,9,6415,1,star,False,7tnlu5eg,Bull,1.0,4,False,u7123h8h,Crab,0.0,1,I will not participate.,False,2018-09-19 18:48:24.912303+00:00
xsrkblkf,9,6415,1,star,False,idoj6y7e,Cow,1.0,5,False,idoj6y7e,Cow,1.0,5,I will participate.,False,2018-09-19 18:48:25.997786+00:00
xsrkblkf,8,6413,2,circle,False,kk3fvdyr,Monkey,1.0,3,False,jc3705q8,Rhino,1.0,2,I will participate.,False,2018-09-19 18:48:28.479685+00:00
xsrkblkf,9,6415,1,star,False,u7123h8h,Crab,0.0,1,False,u7123h8h,Crab,0.0,1,I will participate.,False,2018-09-19 18:48:29.496737+00:00
xsrkblkf,9,6415,1,star,False,5t9symag,Owl,1.0,2,False,u7123h8h,Crab,0.0,1,I will not participate.,False,2018-09-19 18:48:29.565502+00:00
xsrkblkf,8,6414,3,clique,False,lh1cwegn,Bear,1.0,4,False,253gy1pf,Tiger,1.0,5,I will participate.,False,2018-09-19 18:48:41.229132+00:00
xsrkblkf,8,6414,3,clique,False,lh1cwegn,Bear,1.0,4,False,ap3lj1gm,Bee,1.0,3,I will participate.,False,2018-09-19 18:48:41.235134+00:00
xsrkblkf,8,6414,3,clique,False,lh1cwegn,Bear,1.0,4,False,covj1do8,Crab,1.0,2,I will participate.,False,2018-09-19 18:48:41.310099+00:00
xsrkblkf,8,6414,3,clique,False,lh1cwegn,Bear,1.0,4,False,rwbkmsn3,Lion,0.0,1,I will participate.,False,2018-09-19 18:48:41.335174+00:00
xsrkblkf,8,6414,3,clique,False,ap3lj1gm,Bee,1.0,3,False,253gy1pf,Tiger,1.0,5,I will participate.,False,2018-09-19 18:48:42.635811+00:00
xsrkblkf,8,6414,3,clique,False,ap3lj1gm,Bee,1.0,3,False,covj1do8,Crab,1.0,2,I will participate.,False,2018-09-19 18:48:42.636345+00:00
xsrkblkf,8,6414,3,clique,False,ap3lj1gm,Bee,1.0,3,False,rwbkmsn3,Lion,0.0,1,I will participate.,False,2018-09-19 18:48:42.669058+00:00
xsrkblkf,8,6414,3,clique,False,ap3lj1gm,Bee,1.0,3,False,lh1cwegn,Bear,1.0,4,I will participate.,False,2018-09-19 18:48:42.698146+00:00
xsrkblkf,8,6414,3,clique,False,covj1do8,Crab,1.0,2,False,lh1cwegn,Bear,1.0,4,I will participate.,False,2018-09-19 18:48:45.385512+00:00
xsrkblkf,8,6414,3,clique,False,covj1do8,Crab,1.0,2,False,253gy1pf,Tiger,1.0,5,I will participate.,False,2018-09-19 18:48:45.408581+00:00
xsrkblkf,8,6414,3,clique,False,covj1do8,Crab,1.0,2,False,rwbkmsn3,Lion,0.0,1,I will participate.,False,2018-09-19 18:48:45.416209+00:00
xsrkblkf,8,6414,3,clique,False,covj1do8,Crab,1.0,2,False,ap3lj1gm,Bee,1.0,3,I will participate.,False,2018-09-19 18:48:45.469889+00:00
xsrkblkf,8,6414,3,clique,False,rwbkmsn3,Lion,0.0,1,False,lh1cwegn,Bear,1.0,4,I will participate.,False,2018-09-19 18:48:46.723181+00:00
xsrkblkf,8,6414,3,clique,False,rwbkmsn3,Lion,0.0,1,False,253gy1pf,Tiger,1.0,5,I will participate.,False,2018-09-19 18:48:46.723919+00:00
xsrkblkf,8,6414,3,clique,False,rwbkmsn3,Lion,0.0,1,False,ap3lj1gm,Bee,1.0,3,I will participate.,False,2018-09-19 18:48:46.733920+00:00
xsrkblkf,8,6414,3,clique,False,rwbkmsn3,Lion,0.0,1,False,covj1do8,Crab,1.0,2,I will participate.,False,2018-09-19 18:48:46.803969+00:00
xsrkblkf,8,6414,3,clique,False,ap3lj1gm,Bee,1.0,3,False,ap3lj1gm,Bee,1.0,3,I will participate.,False,2018-09-19 18:48:46.859330+00:00
xsrkblkf,8,6414,3,clique,False,253gy1pf,Tiger,1.0,5,False,ap3lj1gm,Bee,1.0,3,I will participate.,False,2018-09-19 18:48:49.951208+00:00
xsrkblkf,8,6414,3,clique,False,253gy1pf,Tiger,1.0,5,False,lh1cwegn,Bear,1.0,4,I will participate.,False,2018-09-19 18:48:49.954252+00:00
xsrkblkf,8,6414,3,clique,False,253gy1pf,Tiger,1.0,5,False,covj1do8,Crab,1.0,2,I will participate.,False,2018-09-19 18:48:49.963443+00:00
xsrkblkf,8,6414,3,clique,False,253gy1pf,Tiger,1.0,5,False,rwbkmsn3,Lion,0.0,1,I will participate.,False,2018-09-19 18:48:50.015018+00:00
xsrkblkf,8,6414,3,clique,False,253gy1pf,Tiger,1.0,5,False,253gy1pf,Tiger,1.0,5,I will participate.,False,2018-09-19 18:48:53.451112+00:00
xsrkblkf,9,6416,2,circle,False,jc3705q8,Raccoon,1.0,2,False,kk3fvdyr,Crocodile,0.0,3,I will participate.,False,2018-09-19 18:49:01.183056+00:00
xsrkblkf,9,6416,2,circle,False,jc3705q8,Raccoon,1.0,2,False,fb0l0eka,Snail,0.0,1,I will participate.,False,2018-09-19 18:49:01.183755+00:00
xsrkblkf,9,6416,2,circle,False,fb0l0eka,Snail,0.0,1,False,8k8pymq3,Bee,1.0,5,I will participate.,False,2018-09-19 18:49:03.789947+00:00
xsrkblkf,9,6416,2,circle,False,8k8pymq3,Bee,1.0,5,False,jnsblp1s,Mouse,1.0,4,I will participate.,False,2018-09-19 18:49:06.089174+00:00
xsrkblkf,9,6416,2,circle,False,8k8pymq3,Bee,1.0,5,False,fb0l0eka,Snail,0.0,1,I will participate.,False,2018-09-19 18:49:06.110878+00:00
xsrkblkf,9,6416,2,circle,False,jnsblp1s,Mouse,1.0,4,False,8k8pymq3,Bee,1.0,5,I will participate.,False,2018-09-19 18:49:08.119376+00:00
xsrkblkf,9,6416,2,circle,False,jnsblp1s,Mouse,1.0,4,False,kk3fvdyr,Crocodile,0.0,3,I will participate.,False,2018-09-19 18:49:08.125877+00:00
xsrkblkf,9,6416,2,circle,False,fb0l0eka,Snail,0.0,1,False,jc3705q8,Raccoon,1.0,2,I will participate.,False,2018-09-19 18:49:08.599160+00:00
xsrkblkf,9,6416,2,circle,False,kk3fvdyr,Crocodile,0.0,3,False,jnsblp1s,Mouse,1.0,4,I will participate.,False,2018-09-19 18:49:09.512008+00:00
xsrkblkf,10,6418,1,star,False,usyhkbnv,Monkey,1.0,3,False,u7123h8h,Tiger,1.0,1,I will participate.,False,2018-09-19 18:49:11.322935+00:00
xsrkblkf,10,6418,1,star,False,idoj6y7e,Wolf,0.0,5,False,u7123h8h,Tiger,1.0,1,I will participate.,False,2018-09-19 18:49:13.941698+00:00
xsrkblkf,10,6418,1,star,False,u7123h8h,Tiger,1.0,1,False,usyhkbnv,Monkey,1.0,3,I will participate.,False,2018-09-19 18:49:15.213209+00:00
xsrkblkf,9,6416,2,circle,False,kk3fvdyr,Crocodile,0.0,3,False,jc3705q8,Raccoon,1.0,2,I will participate.,False,2018-09-19 18:49:15.831748+00:00
xsrkblkf,10,6418,1,star,False,7tnlu5eg,Crab,0.0,4,False,u7123h8h,Tiger,1.0,1,I will participate.,False,2018-09-19 18:49:16.243320+00:00
xsrkblkf,10,6418,1,star,False,5t9symag,Bat,0.0,2,False,u7123h8h,Tiger,1.0,1,I will participate.,False,2018-09-19 18:49:19.847061+00:00
xsrkblkf,9,6417,3,clique,False,lh1cwegn,Sheep,1.0,4,False,253gy1pf,Frog,1.0,5,I will participate.,False,2018-09-19 18:49:19.958080+00:00
xsrkblkf,9,6417,3,clique,False,lh1cwegn,Sheep,1.0,4,False,ap3lj1gm,Deer,0.0,3,I will participate.,False,2018-09-19 18:49:20.049621+00:00
xsrkblkf,9,6417,3,clique,False,lh1cwegn,Sheep,1.0,4,False,covj1do8,Koala,1.0,2,I will participate.,False,2018-09-19 18:49:20.056793+00:00
xsrkblkf,9,6417,3,clique,False,lh1cwegn,Sheep,1.0,4,False,rwbkmsn3,Snake,0.0,1,I will participate.,False,2018-09-19 18:49:20.114591+00:00
xsrkblkf,9,6417,3,clique,False,ap3lj1gm,Deer,0.0,3,False,lh1cwegn,Sheep,1.0,4,I will participate.,False,2018-09-19 18:49:20.331527+00:00
xsrkblkf,9,6417,3,clique,False,ap3lj1gm,Deer,0.0,3,False,253gy1pf,Frog,1.0,5,I will participate.,False,2018-09-19 18:49:20.342681+00:00
xsrkblkf,9,6417,3,clique,False,ap3lj1gm,Deer,0.0,3,False,rwbkmsn3,Snake,0.0,1,I will participate.,False,2018-09-19 18:49:20.385480+00:00
xsrkblkf,9,6417,3,clique,False,ap3lj1gm,Deer,0.0,3,False,covj1do8,Koala,1.0,2,I will participate.,False,2018-09-19 18:49:20.520966+00:00
xsrkblkf,9,6417,3,clique,False,covj1do8,Koala,1.0,2,False,253gy1pf,Frog,1.0,5,I will participate.,False,2018-09-19 18:49:24.416155+00:00
xsrkblkf,9,6417,3,clique,False,covj1do8,Koala,1.0,2,False,lh1cwegn,Sheep,1.0,4,I will participate.,False,2018-09-19 18:49:24.435607+00:00
xsrkblkf,9,6417,3,clique,False,covj1do8,Koala,1.0,2,False,ap3lj1gm,Deer,0.0,3,I will participate.,False,2018-09-19 18:49:24.468774+00:00
xsrkblkf,9,6417,3,clique,False,covj1do8,Koala,1.0,2,False,rwbkmsn3,Snake,0.0,1,I will participate.,False,2018-09-19 18:49:24.489602+00:00
xsrkblkf,9,6417,3,clique,False,253gy1pf,Frog,1.0,5,False,lh1cwegn,Sheep,1.0,4,I will participate.,False,2018-09-19 18:49:24.534893+00:00
xsrkblkf,9,6417,3,clique,False,253gy1pf,Frog,1.0,5,False,ap3lj1gm,Deer,0.0,3,I will participate.,False,2018-09-19 18:49:24.560201+00:00
xsrkblkf,9,6417,3,clique,False,253gy1pf,Frog,1.0,5,False,covj1do8,Koala,1.0,2,I will participate.,False,2018-09-19 18:49:24.580497+00:00
xsrkblkf,9,6417,3,clique,False,253gy1pf,Frog,1.0,5,False,rwbkmsn3,Snake,0.0,1,I will participate.,False,2018-09-19 18:49:24.587627+00:00
xsrkblkf,9,6417,3,clique,False,ap3lj1gm,Deer,0.0,3,False,ap3lj1gm,Deer,0.0,3,I will participate.,False,2018-09-19 18:49:24.725775+00:00
xsrkblkf,9,6417,3,clique,False,253gy1pf,Frog,1.0,5,False,253gy1pf,Frog,1.0,5,I will participate.,False,2018-09-19 18:49:28.615758+00:00
xsrkblkf,9,6417,3,clique,False,rwbkmsn3,Snake,0.0,1,False,lh1cwegn,Sheep,1.0,4,I will participate.,False,2018-09-19 18:49:28.983156+00:00
xsrkblkf,9,6417,3,clique,False,rwbkmsn3,Snake,0.0,1,False,253gy1pf,Frog,1.0,5,I will participate.,False,2018-09-19 18:49:28.984786+00:00
xsrkblkf,9,6417,3,clique,False,rwbkmsn3,Snake,0.0,1,False,ap3lj1gm,Deer,0.0,3,I will participate.,False,2018-09-19 18:49:28.996744+00:00
xsrkblkf,9,6417,3,clique,False,rwbkmsn3,Snake,0.0,1,False,covj1do8,Koala,1.0,2,I will participate.,False,2018-09-19 18:49:29.043684+00:00
xsrkblkf,10,6418,1,star,False,u7123h8h,Tiger,1.0,1,False,idoj6y7e,Wolf,0.0,5,I will participate.,False,2018-09-19 18:49:33.264953+00:00
xsrkblkf,10,6418,1,star,False,u7123h8h,Tiger,1.0,1,False,7tnlu5eg,Crab,0.0,4,I will participate.,False,2018-09-19 18:49:33.289144+00:00
xsrkblkf,10,6418,1,star,False,u7123h8h,Tiger,1.0,1,False,5t9symag,Bat,0.0,2,I will participate.,False,2018-09-19 18:49:33.311070+00:00
xsrkblkf,10,6419,2,circle,False,fb0l0eka,Snake,1.0,1,False,8k8pymq3,Shark,0.0,5,I will not participate.,False,2018-09-19 18:49:42.396464+00:00
xsrkblkf,10,6419,2,circle,False,jc3705q8,Bull,0.0,2,False,fb0l0eka,Snake,1.0,1,I will participate.,False,2018-09-19 18:49:48.042498+00:00
xsrkblkf,10,6419,2,circle,False,jc3705q8,Bull,0.0,2,False,kk3fvdyr,Koala,1.0,3,I will participate.,False,2018-09-19 18:49:48.060909+00:00
xsrkblkf,10,6419,2,circle,False,fb0l0eka,Snake,1.0,1,False,jc3705q8,Bull,0.0,2,I will not participate.,False,2018-09-19 18:49:48.354712+00:00
xsrkblkf,10,6419,2,circle,False,jnsblp1s,Rhino,0.0,4,False,8k8pymq3,Shark,0.0,5,I will participate.,False,2018-09-19 18:49:50.815986+00:00
xsrkblkf,10,6419,2,circle,False,jnsblp1s,Rhino,0.0,4,False,kk3fvdyr,Koala,1.0,3,I will participate.,False,2018-09-19 18:49:50.830895+00:00
xsrkblkf,10,6419,2,circle,False,8k8pymq3,Shark,0.0,5,False,jnsblp1s,Rhino,0.0,4,I will participate.,False,2018-09-19 18:49:50.952111+00:00
xsrkblkf,10,6419,2,circle,False,8k8pymq3,Shark,0.0,5,False,fb0l0eka,Snake,1.0,1,I will participate.,False,2018-09-19 18:49:51.031315+00:00
xsrkblkf,10,6419,2,circle,False,kk3fvdyr,Koala,1.0,3,False,jnsblp1s,Rhino,0.0,4,I will participate.,False,2018-09-19 18:49:55.284412+00:00
xsrkblkf,10,6419,2,circle,False,kk3fvdyr,Koala,1.0,3,False,jc3705q8,Bull,0.0,2,I will participate.,False,2018-09-19 18:49:55.286907+00:00
xsrkblkf,11,6421,1,circle,False,idoj6y7e,Pig,1.0,5,False,7tnlu5eg,Tuna,1.0,4,I will participate.,False,2018-09-19 18:50:05.117124+00:00
xsrkblkf,11,6421,1,circle,False,idoj6y7e,Pig,1.0,5,False,u7123h8h,Lobster,1.0,1,I will participate.,False,2018-09-19 18:50:05.139249+00:00
xsrkblkf,11,6421,1,circle,False,usyhkbnv,Cow,1.0,3,False,7tnlu5eg,Tuna,1.0,4,I will not participate.,False,2018-09-19 18:50:06.619432+00:00
xsrkblkf,11,6421,1,circle,False,usyhkbnv,Cow,1.0,3,False,5t9symag,Penguin,1.0,2,I will not participate.,False,2018-09-19 18:50:06.620115+00:00
xsrkblkf,11,6421,1,circle,False,5t9symag,Penguin,1.0,2,False,usyhkbnv,Cow,1.0,3,I will participate.,False,2018-09-19 18:50:07.447573+00:00
xsrkblkf,11,6421,1,circle,False,5t9symag,Penguin,1.0,2,False,u7123h8h,Lobster,1.0,1,I will participate.,False,2018-09-19 18:50:07.547545+00:00
xsrkblkf,11,6421,1,circle,False,7tnlu5eg,Tuna,1.0,4,False,usyhkbnv,Cow,1.0,3,I will participate.,False,2018-09-19 18:50:08.488570+00:00
xsrkblkf,11,6421,1,circle,False,7tnlu5eg,Tuna,1.0,4,False,idoj6y7e,Pig,1.0,5,I will participate.,False,2018-09-19 18:50:08.489918+00:00
xsrkblkf,11,6421,1,circle,False,u7123h8h,Lobster,1.0,1,False,idoj6y7e,Pig,1.0,5,I will participate.,False,2018-09-19 18:50:11.646284+00:00
xsrkblkf,11,6421,1,circle,False,u7123h8h,Lobster,1.0,1,False,5t9symag,Penguin,1.0,2,I will participate.,False,2018-09-19 18:50:11.743235+00:00
xsrkblkf,10,6420,3,clique,False,253gy1pf,Kangaroo,0.0,5,False,covj1do8,Eagle,0.0,2,I will participate.,False,2018-09-19 18:50:13.083171+00:00
xsrkblkf,10,6420,3,clique,False,253gy1pf,Kangaroo,0.0,5,False,ap3lj1gm,Duck,1.0,3,I will participate.,False,2018-09-19 18:50:13.108949+00:00
xsrkblkf,10,6420,3,clique,False,253gy1pf,Kangaroo,0.0,5,False,lh1cwegn,Bee,0.0,4,I will participate.,False,2018-09-19 18:50:13.140879+00:00
xsrkblkf,10,6420,3,clique,False,253gy1pf,Kangaroo,0.0,5,False,rwbkmsn3,Octopus,1.0,1,I will participate.,False,2018-09-19 18:50:13.153077+00:00
xsrkblkf,10,6420,3,clique,False,lh1cwegn,Bee,0.0,4,False,253gy1pf,Kangaroo,0.0,5,I will participate.,False,2018-09-19 18:50:13.272636+00:00
xsrkblkf,10,6420,3,clique,False,lh1cwegn,Bee,0.0,4,False,covj1do8,Eagle,0.0,2,I will participate.,False,2018-09-19 18:50:13.337091+00:00
xsrkblkf,10,6420,3,clique,False,lh1cwegn,Bee,0.0,4,False,ap3lj1gm,Duck,1.0,3,I will participate.,False,2018-09-19 18:50:13.337824+00:00
xsrkblkf,10,6420,3,clique,False,lh1cwegn,Bee,0.0,4,False,rwbkmsn3,Octopus,1.0,1,I will participate.,False,2018-09-19 18:50:13.427632+00:00
xsrkblkf,10,6420,3,clique,False,ap3lj1gm,Duck,1.0,3,False,253gy1pf,Kangaroo,0.0,5,I will participate.,False,2018-09-19 18:50:13.657140+00:00
xsrkblkf,10,6420,3,clique,False,ap3lj1gm,Duck,1.0,3,False,lh1cwegn,Bee,0.0,4,I will participate.,False,2018-09-19 18:50:13.661847+00:00
xsrkblkf,10,6420,3,clique,False,ap3lj1gm,Duck,1.0,3,False,rwbkmsn3,Octopus,1.0,1,I will participate.,False,2018-09-19 18:50:13.675554+00:00
xsrkblkf,10,6420,3,clique,False,ap3lj1gm,Duck,1.0,3,False,covj1do8,Eagle,0.0,2,I will participate.,False,2018-09-19 18:50:13.721619+00:00
xsrkblkf,10,6420,3,clique,False,covj1do8,Eagle,0.0,2,False,253gy1pf,Kangaroo,0.0,5,I will participate.,False,2018-09-19 18:50:15.507860+00:00
xsrkblkf,10,6420,3,clique,False,covj1do8,Eagle,0.0,2,False,lh1cwegn,Bee,0.0,4,I will participate.,False,2018-09-19 18:50:15.514975+00:00
xsrkblkf,10,6420,3,clique,False,covj1do8,Eagle,0.0,2,False,rwbkmsn3,Octopus,1.0,1,I will participate.,False,2018-09-19 18:50:15.532039+00:00
xsrkblkf,10,6420,3,clique,False,covj1do8,Eagle,0.0,2,False,ap3lj1gm,Duck,1.0,3,I will participate.,False,2018-09-19 18:50:15.569894+00:00
xsrkblkf,10,6420,3,clique,False,ap3lj1gm,Duck,1.0,3,False,ap3lj1gm,Duck,1.0,3,I will participate.,False,2018-09-19 18:50:18.240879+00:00
xsrkblkf,11,6421,1,circle,False,u7123h8h,Lobster,1.0,1,False,u7123h8h,Lobster,1.0,1,I will participate.,False,2018-09-19 18:50:18.363897+00:00
xsrkblkf,10,6420,3,clique,False,rwbkmsn3,Octopus,1.0,1,False,253gy1pf,Kangaroo,0.0,5,I will participate.,False,2018-09-19 18:50:18.693228+00:00
xsrkblkf,10,6420,3,clique,False,rwbkmsn3,Octopus,1.0,1,False,lh1cwegn,Bee,0.0,4,I will participate.,False,2018-09-19 18:50:18.748633+00:00
xsrkblkf,10,6420,3,clique,False,rwbkmsn3,Octopus,1.0,1,False,ap3lj1gm,Duck,1.0,3,I will participate.,False,2018-09-19 18:50:18.783593+00:00
xsrkblkf,10,6420,3,clique,False,rwbkmsn3,Octopus,1.0,1,False,covj1do8,Eagle,0.0,2,I will participate.,False,2018-09-19 18:50:18.831062+00:00
xsrkblkf,11,6422,2,clique,False,fb0l0eka,Wolf,1.0,1,False,8k8pymq3,Giraffe,1.0,5,I will not participate.,False,2018-09-19 18:50:25.866665+00:00
xsrkblkf,11,6422,2,clique,False,jc3705q8,Lion,1.0,2,False,8k8pymq3,Giraffe,1.0,5,I will participate.,False,2018-09-19 18:50:27.899210+00:00
xsrkblkf,11,6422,2,clique,False,jc3705q8,Lion,1.0,2,False,jnsblp1s,Rat,1.0,4,I will participate.,False,2018-09-19 18:50:27.909447+00:00
xsrkblkf,11,6422,2,clique,False,jc3705q8,Lion,1.0,2,False,kk3fvdyr,Kangaroo,1.0,3,I will participate.,False,2018-09-19 18:50:27.915572+00:00
xsrkblkf,11,6422,2,clique,False,jc3705q8,Lion,1.0,2,False,fb0l0eka,Wolf,1.0,1,I will participate.,False,2018-09-19 18:50:27.978072+00:00
xsrkblkf,11,6422,2,clique,False,fb0l0eka,Wolf,1.0,1,False,jnsblp1s,Rat,1.0,4,I will not participate.,False,2018-09-19 18:50:30.894891+00:00
xsrkblkf,11,6422,2,clique,False,8k8pymq3,Giraffe,1.0,5,False,jnsblp1s,Rat,1.0,4,I will participate.,False,2018-09-19 18:50:32.677844+00:00
xsrkblkf,11,6422,2,clique,False,8k8pymq3,Giraffe,1.0,5,False,jc3705q8,Lion,1.0,2,I will participate.,False,2018-09-19 18:50:32.687485+00:00
xsrkblkf,11,6422,2,clique,False,8k8pymq3,Giraffe,1.0,5,False,kk3fvdyr,Kangaroo,1.0,3,I will participate.,False,2018-09-19 18:50:32.701079+00:00
xsrkblkf,11,6422,2,clique,False,8k8pymq3,Giraffe,1.0,5,False,fb0l0eka,Wolf,1.0,1,I will participate.,False,2018-09-19 18:50:32.770837+00:00
xsrkblkf,11,6422,2,clique,False,fb0l0eka,Wolf,1.0,1,False,kk3fvdyr,Kangaroo,1.0,3,I will not participate.,False,2018-09-19 18:50:36.014123+00:00
xsrkblkf,11,6422,2,clique,False,jnsblp1s,Rat,1.0,4,False,jc3705q8,Lion,1.0,2,I will participate.,False,2018-09-19 18:50:40.424492+00:00
xsrkblkf,11,6422,2,clique,False,jnsblp1s,Rat,1.0,4,False,8k8pymq3,Giraffe,1.0,5,I will participate.,False,2018-09-19 18:50:40.425301+00:00
xsrkblkf,11,6422,2,clique,False,jnsblp1s,Rat,1.0,4,False,kk3fvdyr,Kangaroo,1.0,3,I will participate.,False,2018-09-19 18:50:40.500899+00:00
xsrkblkf,11,6422,2,clique,False,jnsblp1s,Rat,1.0,4,False,fb0l0eka,Wolf,1.0,1,I will participate.,False,2018-09-19 18:50:40.579024+00:00
xsrkblkf,11,6422,2,clique,False,fb0l0eka,Wolf,1.0,1,False,jc3705q8,Lion,1.0,2,I will not participate.,False,2018-09-19 18:50:41.515469+00:00
xsrkblkf,11,6423,3,star,False,ap3lj1gm,Swan,1.0,3,False,rwbkmsn3,Hippo,1.0,1,I will participate.,False,2018-09-19 18:50:49.670163+00:00
xsrkblkf,11,6423,3,star,False,lh1cwegn,Bull,1.0,4,False,rwbkmsn3,Hippo,1.0,1,I will participate.,False,2018-09-19 18:50:50.901296+00:00
xsrkblkf,11,6423,3,star,False,rwbkmsn3,Hippo,1.0,1,False,253gy1pf,Raccoon,1.0,5,I will participate.,False,2018-09-19 18:50:53.160547+00:00
xsrkblkf,11,6423,3,star,False,rwbkmsn3,Hippo,1.0,1,False,lh1cwegn,Bull,1.0,4,I will participate.,False,2018-09-19 18:50:53.564626+00:00
xsrkblkf,11,6423,3,star,False,rwbkmsn3,Hippo,1.0,1,False,ap3lj1gm,Swan,1.0,3,I will participate.,False,2018-09-19 18:50:53.661121+00:00
xsrkblkf,11,6423,3,star,False,rwbkmsn3,Hippo,1.0,1,False,covj1do8,Cat,1.0,2,I will participate.,False,2018-09-19 18:50:53.682700+00:00
xsrkblkf,11,6423,3,star,False,ap3lj1gm,Swan,1.0,3,False,ap3lj1gm,Swan,1.0,3,I will participate.,False,2018-09-19 18:50:54.291156+00:00
xsrkblkf,12,6424,1,circle,False,idoj6y7e,Deer,0.0,5,False,7tnlu5eg,Tuna,0.0,4,I will participate.,False,2018-09-19 18:50:59.081235+00:00
xsrkblkf,12,6424,1,circle,False,idoj6y7e,Deer,0.0,5,False,u7123h8h,Crocodile,0.0,1,I will participate.,False,2018-09-19 18:50:59.081989+00:00
xsrkblkf,12,6424,1,circle,False,usyhkbnv,Hippo,0.0,3,False,7tnlu5eg,Tuna,0.0,4,I will participate.,False,2018-09-19 18:50:59.494020+00:00
xsrkblkf,12,6424,1,circle,False,usyhkbnv,Hippo,0.0,3,False,5t9symag,Eagle,0.0,2,I will participate.,False,2018-09-19 18:50:59.498673+00:00
xsrkblkf,11,6423,3,star,False,covj1do8,Cat,1.0,2,False,rwbkmsn3,Hippo,1.0,1,I will participate.,False,2018-09-19 18:50:59.788412+00:00
xsrkblkf,12,6424,1,circle,False,u7123h8h,Crocodile,0.0,1,False,u7123h8h,Crocodile,0.0,1,I will participate.,False,2018-09-19 18:51:03.102187+00:00
xsrkblkf,12,6424,1,circle,False,7tnlu5eg,Tuna,0.0,4,False,idoj6y7e,Deer,0.0,5,I will participate.,False,2018-09-19 18:51:04.301958+00:00
xsrkblkf,12,6424,1,circle,False,7tnlu5eg,Tuna,0.0,4,False,usyhkbnv,Hippo,0.0,3,I will participate.,False,2018-09-19 18:51:04.308007+00:00
xsrkblkf,11,6423,3,star,False,253gy1pf,Raccoon,1.0,5,False,rwbkmsn3,Hippo,1.0,1,I will not participate.,False,2018-09-19 18:51:05.134963+00:00
xsrkblkf,12,6424,1,circle,False,5t9symag,Eagle,0.0,2,False,usyhkbnv,Hippo,0.0,3,I will participate.,False,2018-09-19 18:51:05.370773+00:00
xsrkblkf,12,6424,1,circle,False,5t9symag,Eagle,0.0,2,False,u7123h8h,Crocodile,0.0,1,I will participate.,False,2018-09-19 18:51:05.376375+00:00
xsrkblkf,12,6424,1,circle,False,u7123h8h,Crocodile,0.0,1,False,5t9symag,Eagle,0.0,2,I will participate.,False,2018-09-19 18:51:07.222858+00:00
xsrkblkf,12,6424,1,circle,False,u7123h8h,Crocodile,0.0,1,False,idoj6y7e,Deer,0.0,5,I will participate.,False,2018-09-19 18:51:07.223596+00:00
xsrkblkf,12,6425,2,clique,False,fb0l0eka,Beaver,0.0,1,False,8k8pymq3,Penguin,0.0,5,I will participate.,False,2018-09-19 18:51:25.768236+00:00
xsrkblkf,12,6425,2,clique,False,jc3705q8,Lizard,0.0,2,False,jnsblp1s,Rhino,0.0,4,I will participate.,False,2018-09-19 18:51:26.839967+00:00
xsrkblkf,12,6425,2,clique,False,jc3705q8,Lizard,0.0,2,False,8k8pymq3,Penguin,0.0,5,I will participate.,False,2018-09-19 18:51:26.842830+00:00
xsrkblkf,12,6425,2,clique,False,jc3705q8,Lizard,0.0,2,False,kk3fvdyr,Crab,0.0,3,I will participate.,False,2018-09-19 18:51:26.943278+00:00
xsrkblkf,12,6425,2,clique,False,jc3705q8,Lizard,0.0,2,False,fb0l0eka,Beaver,0.0,1,I will participate.,False,2018-09-19 18:51:26.978759+00:00
xsrkblkf,12,6425,2,clique,False,8k8pymq3,Penguin,0.0,5,False,jnsblp1s,Rhino,0.0,4,I will participate.,False,2018-09-19 18:51:28.176292+00:00
xsrkblkf,12,6425,2,clique,False,8k8pymq3,Penguin,0.0,5,False,kk3fvdyr,Crab,0.0,3,I will participate.,False,2018-09-19 18:51:28.196627+00:00
xsrkblkf,12,6425,2,clique,False,8k8pymq3,Penguin,0.0,5,False,jc3705q8,Lizard,0.0,2,I will participate.,False,2018-09-19 18:51:28.223259+00:00
xsrkblkf,12,6425,2,clique,False,8k8pymq3,Penguin,0.0,5,False,fb0l0eka,Beaver,0.0,1,I will participate.,False,2018-09-19 18:51:28.241379+00:00
xsrkblkf,12,6425,2,clique,False,jnsblp1s,Rhino,0.0,4,False,8k8pymq3,Penguin,0.0,5,I will participate.,False,2018-09-19 18:51:28.722522+00:00
xsrkblkf,12,6425,2,clique,False,jnsblp1s,Rhino,0.0,4,False,kk3fvdyr,Crab,0.0,3,I will participate.,False,2018-09-19 18:51:28.847191+00:00
xsrkblkf,12,6425,2,clique,False,jnsblp1s,Rhino,0.0,4,False,jc3705q8,Lizard,0.0,2,I will participate.,False,2018-09-19 18:51:28.892777+00:00
xsrkblkf,12,6425,2,clique,False,jnsblp1s,Rhino,0.0,4,False,fb0l0eka,Beaver,0.0,1,I will participate.,False,2018-09-19 18:51:28.917436+00:00
xsrkblkf,12,6425,2,clique,False,fb0l0eka,Beaver,0.0,1,False,jnsblp1s,Rhino,0.0,4,I will participate.,False,2018-09-19 18:51:30.447354+00:00
xsrkblkf,12,6425,2,clique,False,kk3fvdyr,Crab,0.0,3,False,8k8pymq3,Penguin,0.0,5,I will participate.,False,2018-09-19 18:51:30.742715+00:00
xsrkblkf,12,6425,2,clique,False,kk3fvdyr,Crab,0.0,3,False,jc3705q8,Lizard,0.0,2,I will participate.,False,2018-09-19 18:51:30.770911+00:00
xsrkblkf,12,6425,2,clique,False,kk3fvdyr,Crab,0.0,3,False,jnsblp1s,Rhino,0.0,4,I will participate.,False,2018-09-19 18:51:30.771968+00:00
xsrkblkf,12,6425,2,clique,False,kk3fvdyr,Crab,0.0,3,False,fb0l0eka,Beaver,0.0,1,I will participate.,False,2018-09-19 18:51:30.831360+00:00
xsrkblkf,12,6425,2,clique,False,fb0l0eka,Beaver,0.0,1,False,kk3fvdyr,Crab,0.0,3,I will participate.,False,2018-09-19 18:51:35.314429+00:00
xsrkblkf,13,6427,1,circle,False,idoj6y7e,Lobster,1.0,5,False,u7123h8h,Shark,0.0,1,I will participate.,False,2018-09-19 18:51:35.732067+00:00
xsrkblkf,13,6427,1,circle,False,idoj6y7e,Lobster,1.0,5,False,7tnlu5eg,Giraffe,1.0,4,I will participate.,False,2018-09-19 18:51:35.744580+00:00
xsrkblkf,13,6427,1,circle,False,usyhkbnv,Frog,1.0,3,False,7tnlu5eg,Giraffe,1.0,4,I will not participate.,False,2018-09-19 18:51:36.158872+00:00
xsrkblkf,13,6427,1,circle,False,usyhkbnv,Frog,1.0,3,False,5t9symag,Bat,1.0,2,I will not participate.,False,2018-09-19 18:51:36.171594+00:00
xsrkblkf,12,6425,2,clique,False,fb0l0eka,Beaver,0.0,1,False,jc3705q8,Lizard,0.0,2,I will participate.,False,2018-09-19 18:51:40.142382+00:00
xsrkblkf,13,6427,1,circle,False,7tnlu5eg,Giraffe,1.0,4,False,idoj6y7e,Lobster,1.0,5,I will not participate.,False,2018-09-19 18:51:42.398255+00:00
xsrkblkf,13,6427,1,circle,False,7tnlu5eg,Giraffe,1.0,4,False,usyhkbnv,Frog,1.0,3,I will not participate.,False,2018-09-19 18:51:42.409748+00:00
xsrkblkf,13,6427,1,circle,False,u7123h8h,Shark,0.0,1,False,idoj6y7e,Lobster,1.0,5,I will participate.,False,2018-09-19 18:51:43.882888+00:00
xsrkblkf,13,6427,1,circle,False,u7123h8h,Shark,0.0,1,False,5t9symag,Bat,1.0,2,I will participate.,False,2018-09-19 18:51:43.907978+00:00
xsrkblkf,13,6427,1,circle,False,5t9symag,Bat,1.0,2,False,usyhkbnv,Frog,1.0,3,I will not participate.,False,2018-09-19 18:51:44.002944+00:00
xsrkblkf,13,6427,1,circle,False,5t9symag,Bat,1.0,2,False,u7123h8h,Shark,0.0,1,I will not participate.,False,2018-09-19 18:51:44.023380+00:00
xsrkblkf,12,6426,3,star,False,lh1cwegn,Mouse,0.0,4,False,rwbkmsn3,Bear,0.0,1,I will participate.,False,2018-09-19 18:51:46.235674+00:00
xsrkblkf,12,6426,3,star,False,253gy1pf,Octopus,0.0,5,False,rwbkmsn3,Bear,0.0,1,I will participate.,False,2018-09-19 18:51:46.561258+00:00
xsrkblkf,13,6427,1,circle,False,u7123h8h,Shark,0.0,1,False,u7123h8h,Shark,0.0,1,I will participate.,False,2018-09-19 18:51:47.957481+00:00
xsrkblkf,12,6426,3,star,False,rwbkmsn3,Bear,0.0,1,False,253gy1pf,Octopus,0.0,5,I will participate.,False,2018-09-19 18:51:48.068212+00:00
xsrkblkf,12,6426,3,star,False,rwbkmsn3,Bear,0.0,1,False,lh1cwegn,Mouse,0.0,4,I will participate.,False,2018-09-19 18:51:48.119017+00:00
xsrkblkf,12,6426,3,star,False,rwbkmsn3,Bear,0.0,1,False,ap3lj1gm,Gorilla,0.0,3,I will participate.,False,2018-09-19 18:51:48.119725+00:00
xsrkblkf,12,6426,3,star,False,rwbkmsn3,Bear,0.0,1,False,covj1do8,Wolf,0.0,2,I will participate.,False,2018-09-19 18:51:48.188070+00:00
xsrkblkf,12,6426,3,star,False,ap3lj1gm,Gorilla,0.0,3,False,rwbkmsn3,Bear,0.0,1,I will participate.,False,2018-09-19 18:51:50.352466+00:00
xsrkblkf,12,6426,3,star,False,covj1do8,Wolf,0.0,2,False,rwbkmsn3,Bear,0.0,1,I will participate.,False,2018-09-19 18:51:51.937578+00:00
xsrkblkf,12,6426,3,star,False,ap3lj1gm,Gorilla,0.0,3,False,ap3lj1gm,Gorilla,0.0,3,I will participate.,False,2018-09-19 18:51:54.218851+00:00
xsrkblkf,13,6428,2,clique,False,fb0l0eka,Bull,0.0,1,False,8k8pymq3,Owl,1.0,5,I will participate.,False,2018-09-19 18:52:05.559496+00:00
xsrkblkf,13,6428,2,clique,False,jc3705q8,Snail,1.0,2,False,8k8pymq3,Owl,1.0,5,I will participate.,False,2018-09-19 18:52:08.959979+00:00
xsrkblkf,13,6428,2,clique,False,jc3705q8,Snail,1.0,2,False,jnsblp1s,Elephant,1.0,4,I will participate.,False,2018-09-19 18:52:08.963389+00:00
xsrkblkf,13,6428,2,clique,False,jc3705q8,Snail,1.0,2,False,kk3fvdyr,Monkey,1.0,3,I will participate.,False,2018-09-19 18:52:09.025285+00:00
xsrkblkf,13,6428,2,clique,False,jc3705q8,Snail,1.0,2,False,fb0l0eka,Bull,0.0,1,I will participate.,False,2018-09-19 18:52:09.028580+00:00
xsrkblkf,13,6428,2,clique,False,fb0l0eka,Bull,0.0,1,False,jnsblp1s,Elephant,1.0,4,I will participate.,False,2018-09-19 18:52:09.801431+00:00
xsrkblkf,13,6428,2,clique,False,jnsblp1s,Elephant,1.0,4,False,kk3fvdyr,Monkey,1.0,3,I will participate.,False,2018-09-19 18:52:13.434073+00:00
xsrkblkf,13,6428,2,clique,False,jnsblp1s,Elephant,1.0,4,False,8k8pymq3,Owl,1.0,5,I will participate.,False,2018-09-19 18:52:13.434834+00:00
xsrkblkf,13,6428,2,clique,False,jnsblp1s,Elephant,1.0,4,False,jc3705q8,Snail,1.0,2,I will participate.,False,2018-09-19 18:52:13.514999+00:00
xsrkblkf,13,6428,2,clique,False,jnsblp1s,Elephant,1.0,4,False,fb0l0eka,Bull,0.0,1,I will participate.,False,2018-09-19 18:52:13.516643+00:00
xsrkblkf,13,6428,2,clique,False,8k8pymq3,Owl,1.0,5,False,kk3fvdyr,Monkey,1.0,3,I will participate.,False,2018-09-19 18:52:13.592889+00:00
xsrkblkf,13,6428,2,clique,False,8k8pymq3,Owl,1.0,5,False,jc3705q8,Snail,1.0,2,I will participate.,False,2018-09-19 18:52:13.647915+00:00
xsrkblkf,13,6428,2,clique,False,8k8pymq3,Owl,1.0,5,False,jnsblp1s,Elephant,1.0,4,I will participate.,False,2018-09-19 18:52:13.655080+00:00
xsrkblkf,13,6428,2,clique,False,8k8pymq3,Owl,1.0,5,False,fb0l0eka,Bull,0.0,1,I will participate.,False,2018-09-19 18:52:13.676931+00:00
xsrkblkf,13,6428,2,clique,False,fb0l0eka,Bull,0.0,1,False,kk3fvdyr,Monkey,1.0,3,I will participate.,False,2018-09-19 18:52:14.984024+00:00
xsrkblkf,14,6430,1,circle,False,idoj6y7e,Crab,1.0,5,False,7tnlu5eg,Lizard,1.0,4,I will participate.,False,2018-09-19 18:52:19.780192+00:00
xsrkblkf,14,6430,1,circle,False,idoj6y7e,Crab,1.0,5,False,u7123h8h,Sheep,0.0,1,I will participate.,False,2018-09-19 18:52:19.802885+00:00
xsrkblkf,13,6428,2,clique,False,fb0l0eka,Bull,0.0,1,False,jc3705q8,Snail,1.0,2,I will participate.,False,2018-09-19 18:52:21.455257+00:00
xsrkblkf,13,6429,3,star,False,lh1cwegn,Turtle,1.0,4,False,rwbkmsn3,Crocodile,0.0,1,I will participate.,False,2018-09-19 18:52:23.534460+00:00
xsrkblkf,13,6429,3,star,False,ap3lj1gm,Lion,1.0,3,False,rwbkmsn3,Crocodile,0.0,1,I will participate.,False,2018-09-19 18:52:23.774963+00:00
xsrkblkf,14,6430,1,circle,False,u7123h8h,Sheep,0.0,1,False,5t9symag,Dolphin,1.0,2,I will participate.,False,2018-09-19 18:52:25.021431+00:00
xsrkblkf,14,6430,1,circle,False,u7123h8h,Sheep,0.0,1,False,idoj6y7e,Crab,1.0,5,I will participate.,False,2018-09-19 18:52:25.023240+00:00
xsrkblkf,14,6430,1,circle,False,5t9symag,Dolphin,1.0,2,False,usyhkbnv,Lion,0.0,3,I will not participate.,False,2018-09-19 18:52:25.451922+00:00
xsrkblkf,14,6430,1,circle,False,5t9symag,Dolphin,1.0,2,False,u7123h8h,Sheep,0.0,1,I will not participate.,False,2018-09-19 18:52:25.509316+00:00
xsrkblkf,14,6430,1,circle,False,7tnlu5eg,Lizard,1.0,4,False,idoj6y7e,Crab,1.0,5,I will not participate.,False,2018-09-19 18:52:25.580284+00:00
xsrkblkf,14,6430,1,circle,False,7tnlu5eg,Lizard,1.0,4,False,usyhkbnv,Lion,0.0,3,I will not participate.,False,2018-09-19 18:52:25.653322+00:00
xsrkblkf,14,6430,1,circle,False,usyhkbnv,Lion,0.0,3,False,5t9symag,Dolphin,1.0,2,I will participate.,False,2018-09-19 18:52:25.699526+00:00
xsrkblkf,13,6429,3,star,False,253gy1pf,Sheep,1.0,5,False,rwbkmsn3,Crocodile,0.0,1,I will participate.,False,2018-09-19 18:52:26.510239+00:00
xsrkblkf,13,6429,3,star,False,ap3lj1gm,Lion,1.0,3,False,ap3lj1gm,Lion,1.0,3,I will participate.,False,2018-09-19 18:52:27.643660+00:00
xsrkblkf,13,6429,3,star,False,rwbkmsn3,Crocodile,0.0,1,False,lh1cwegn,Turtle,1.0,4,I will participate.,False,2018-09-19 18:52:28.284766+00:00
xsrkblkf,13,6429,3,star,False,rwbkmsn3,Crocodile,0.0,1,False,ap3lj1gm,Lion,1.0,3,I will participate.,False,2018-09-19 18:52:28.285533+00:00
xsrkblkf,13,6429,3,star,False,rwbkmsn3,Crocodile,0.0,1,False,253gy1pf,Sheep,1.0,5,I will participate.,False,2018-09-19 18:52:28.294927+00:00
xsrkblkf,13,6429,3,star,False,rwbkmsn3,Crocodile,0.0,1,False,covj1do8,Cow,1.0,2,I will participate.,False,2018-09-19 18:52:28.366754+00:00
xsrkblkf,14,6430,1,circle,False,u7123h8h,Sheep,0.0,1,False,u7123h8h,Sheep,0.0,1,I will participate.,False,2018-09-19 18:52:28.943279+00:00
xsrkblkf,13,6429,3,star,False,covj1do8,Cow,1.0,2,False,rwbkmsn3,Crocodile,0.0,1,I will participate.,False,2018-09-19 18:52:30.765370+00:00
xsrkblkf,13,6429,3,star,False,253gy1pf,Sheep,1.0,5,False,253gy1pf,Sheep,1.0,5,I will participate.,False,2018-09-19 18:52:31.855052+00:00
xsrkblkf,14,6432,3,star,False,lh1cwegn,Bear,1.0,4,False,rwbkmsn3,Raccoon,0.0,1,I will participate.,False,2018-09-19 18:52:58.408765+00:00
xsrkblkf,14,6432,3,star,False,253gy1pf,Hippo,1.0,5,False,rwbkmsn3,Raccoon,0.0,1,I will participate.,False,2018-09-19 18:52:58.603145+00:00
xsrkblkf,14,6432,3,star,False,ap3lj1gm,Lobster,0.0,3,False,rwbkmsn3,Raccoon,0.0,1,I will participate.,False,2018-09-19 18:53:00.077463+00:00
xsrkblkf,14,6432,3,star,False,253gy1pf,Hippo,1.0,5,False,253gy1pf,Hippo,1.0,5,I will participate.,False,2018-09-19 18:53:03.363529+00:00
xsrkblkf,14,6432,3,star,False,rwbkmsn3,Raccoon,0.0,1,False,lh1cwegn,Bear,1.0,4,I will participate.,False,2018-09-19 18:53:04.005188+00:00
xsrkblkf,14,6432,3,star,False,rwbkmsn3,Raccoon,0.0,1,False,253gy1pf,Hippo,1.0,5,I will participate.,False,2018-09-19 18:53:04.006171+00:00
xsrkblkf,14,6432,3,star,False,rwbkmsn3,Raccoon,0.0,1,False,ap3lj1gm,Lobster,0.0,3,I will participate.,False,2018-09-19 18:53:04.053238+00:00
xsrkblkf,14,6432,3,star,False,rwbkmsn3,Raccoon,0.0,1,False,covj1do8,Deer,1.0,2,I will participate.,False,2018-09-19 18:53:04.085403+00:00
xsrkblkf,14,6432,3,star,False,ap3lj1gm,Lobster,0.0,3,False,ap3lj1gm,Lobster,0.0,3,I will participate.,False,2018-09-19 18:53:04.226696+00:00
xsrkblkf,14,6432,3,star,False,covj1do8,Deer,1.0,2,False,rwbkmsn3,Raccoon,0.0,1,I will participate.,False,2018-09-19 18:53:06.034955+00:00
xsrkblkf,15,6433,1,circle,False,u7123h8h,Duck,1.0,1,False,5t9symag,Pig,0.0,2,I will participate.,False,2018-09-19 18:53:15.903938+00:00
xsrkblkf,15,6433,1,circle,False,u7123h8h,Duck,1.0,1,False,idoj6y7e,Goat,0.0,5,I will participate.,False,2018-09-19 18:53:15.927644+00:00
xsrkblkf,14,6431,2,clique,False,fb0l0eka,Pig,0.0,1,False,8k8pymq3,Gorilla,1.0,5,I will participate.,False,2018-09-19 18:53:17.199327+00:00
xsrkblkf,14,6431,2,clique,False,8k8pymq3,Gorilla,1.0,5,False,jc3705q8,Snake,1.0,2,I will participate.,False,2018-09-19 18:53:17.683555+00:00
xsrkblkf,14,6431,2,clique,False,8k8pymq3,Gorilla,1.0,5,False,kk3fvdyr,Goat,0.0,3,I will participate.,False,2018-09-19 18:53:17.696738+00:00
xsrkblkf,14,6431,2,clique,False,8k8pymq3,Gorilla,1.0,5,False,jnsblp1s,Beaver,1.0,4,I will participate.,False,2018-09-19 18:53:17.697469+00:00
xsrkblkf,14,6431,2,clique,False,8k8pymq3,Gorilla,1.0,5,False,fb0l0eka,Pig,0.0,1,I will participate.,False,2018-09-19 18:53:17.764011+00:00
xsrkblkf,15,6433,1,circle,False,usyhkbnv,Bee,1.0,3,False,5t9symag,Pig,0.0,2,I will participate.,False,2018-09-19 18:53:18.574824+00:00
xsrkblkf,15,6433,1,circle,False,usyhkbnv,Bee,1.0,3,False,7tnlu5eg,Swan,0.0,4,I will participate.,False,2018-09-19 18:53:18.598907+00:00
xsrkblkf,14,6431,2,clique,False,jc3705q8,Snake,1.0,2,False,8k8pymq3,Gorilla,1.0,5,I will participate.,False,2018-09-19 18:53:18.880838+00:00
xsrkblkf,14,6431,2,clique,False,jc3705q8,Snake,1.0,2,False,jnsblp1s,Beaver,1.0,4,I will participate.,False,2018-09-19 18:53:18.893541+00:00
xsrkblkf,14,6431,2,clique,False,jc3705q8,Snake,1.0,2,False,kk3fvdyr,Goat,0.0,3,I will participate.,False,2018-09-19 18:53:18.910904+00:00
xsrkblkf,14,6431,2,clique,False,jc3705q8,Snake,1.0,2,False,fb0l0eka,Pig,0.0,1,I will participate.,False,2018-09-19 18:53:18.947810+00:00
xsrkblkf,14,6431,2,clique,False,jnsblp1s,Beaver,1.0,4,False,kk3fvdyr,Goat,0.0,3,I will participate.,False,2018-09-19 18:53:19.322785+00:00
xsrkblkf,14,6431,2,clique,False,jnsblp1s,Beaver,1.0,4,False,8k8pymq3,Gorilla,1.0,5,I will participate.,False,2018-09-19 18:53:19.332109+00:00
xsrkblkf,14,6431,2,clique,False,jnsblp1s,Beaver,1.0,4,False,jc3705q8,Snake,1.0,2,I will participate.,False,2018-09-19 18:53:19.346002+00:00
xsrkblkf,14,6431,2,clique,False,jnsblp1s,Beaver,1.0,4,False,fb0l0eka,Pig,0.0,1,I will participate.,False,2018-09-19 18:53:19.391494+00:00
xsrkblkf,15,6433,1,circle,False,u7123h8h,Duck,1.0,1,False,u7123h8h,Duck,1.0,1,I will participate.,False,2018-09-19 18:53:19.815611+00:00
xsrkblkf,14,6431,2,clique,False,kk3fvdyr,Goat,0.0,3,False,8k8pymq3,Gorilla,1.0,5,I will participate.,False,2018-09-19 18:53:19.875253+00:00
xsrkblkf,14,6431,2,clique,False,kk3fvdyr,Goat,0.0,3,False,jc3705q8,Snake,1.0,2,I will participate.,False,2018-09-19 18:53:19.897196+00:00
xsrkblkf,14,6431,2,clique,False,kk3fvdyr,Goat,0.0,3,False,jnsblp1s,Beaver,1.0,4,I will participate.,False,2018-09-19 18:53:19.898833+00:00
xsrkblkf,14,6431,2,clique,False,kk3fvdyr,Goat,0.0,3,False,fb0l0eka,Pig,0.0,1,I will participate.,False,2018-09-19 18:53:19.940703+00:00
xsrkblkf,15,6433,1,circle,False,7tnlu5eg,Swan,0.0,4,False,idoj6y7e,Goat,0.0,5,I will participate.,False,2018-09-19 18:53:21.091632+00:00
xsrkblkf,15,6433,1,circle,False,7tnlu5eg,Swan,0.0,4,False,usyhkbnv,Bee,1.0,3,I will participate.,False,2018-09-19 18:53:21.105264+00:00
xsrkblkf,14,6431,2,clique,False,fb0l0eka,Pig,0.0,1,False,jnsblp1s,Beaver,1.0,4,I will participate.,False,2018-09-19 18:53:21.647918+00:00
xsrkblkf,15,6433,1,circle,False,idoj6y7e,Goat,0.0,5,False,7tnlu5eg,Swan,0.0,4,I will participate.,False,2018-09-19 18:53:23.189925+00:00
xsrkblkf,15,6433,1,circle,False,idoj6y7e,Goat,0.0,5,False,u7123h8h,Duck,1.0,1,I will participate.,False,2018-09-19 18:53:23.196358+00:00
xsrkblkf,15,6433,1,circle,False,5t9symag,Pig,0.0,2,False,usyhkbnv,Bee,1.0,3,I will participate.,False,2018-09-19 18:53:24.562004+00:00
xsrkblkf,15,6433,1,circle,False,5t9symag,Pig,0.0,2,False,u7123h8h,Duck,1.0,1,I will participate.,False,2018-09-19 18:53:24.572711+00:00
xsrkblkf,14,6431,2,clique,False,fb0l0eka,Pig,0.0,1,False,kk3fvdyr,Goat,0.0,3,I will participate.,False,2018-09-19 18:53:27.134740+00:00
xsrkblkf,15,6435,3,star,False,lh1cwegn,Rat,0.0,4,False,rwbkmsn3,Crocodile,1.0,1,I will participate.,False,2018-09-19 18:53:32.006930+00:00
xsrkblkf,15,6435,3,star,False,253gy1pf,Giraffe,0.0,5,False,rwbkmsn3,Crocodile,1.0,1,I will participate.,False,2018-09-19 18:53:32.164614+00:00
xsrkblkf,14,6431,2,clique,False,fb0l0eka,Pig,0.0,1,False,jc3705q8,Snake,1.0,2,I will participate.,False,2018-09-19 18:53:32.498316+00:00
xsrkblkf,15,6435,3,star,False,ap3lj1gm,Squirrel,1.0,3,False,rwbkmsn3,Crocodile,1.0,1,I will participate.,False,2018-09-19 18:53:34.074554+00:00
xsrkblkf,15,6435,3,star,False,rwbkmsn3,Crocodile,1.0,1,False,lh1cwegn,Rat,0.0,4,I will participate.,False,2018-09-19 18:53:35.965601+00:00
xsrkblkf,15,6435,3,star,False,rwbkmsn3,Crocodile,1.0,1,False,253gy1pf,Giraffe,0.0,5,I will participate.,False,2018-09-19 18:53:35.967018+00:00
xsrkblkf,15,6435,3,star,False,rwbkmsn3,Crocodile,1.0,1,False,ap3lj1gm,Squirrel,1.0,3,I will participate.,False,2018-09-19 18:53:35.984244+00:00
xsrkblkf,15,6435,3,star,False,rwbkmsn3,Crocodile,1.0,1,False,covj1do8,Koala,0.0,2,I will participate.,False,2018-09-19 18:53:36.026094+00:00
xsrkblkf,15,6435,3,star,False,253gy1pf,Giraffe,0.0,5,False,253gy1pf,Giraffe,0.0,5,I will participate.,False,2018-09-19 18:53:38.581760+00:00
xsrkblkf,15,6435,3,star,False,ap3lj1gm,Squirrel,1.0,3,False,ap3lj1gm,Squirrel,1.0,3,I will participate.,False,2018-09-19 18:53:39.818510+00:00
xsrkblkf,15,6435,3,star,False,covj1do8,Koala,0.0,2,False,rwbkmsn3,Crocodile,1.0,1,I will participate.,False,2018-09-19 18:53:40.399652+00:00
xsrkblkf,15,6434,2,clique,False,fb0l0eka,Wolf,1.0,1,False,8k8pymq3,Mouse,0.0,5,I will not participate.,False,2018-09-19 18:54:06.119833+00:00
xsrkblkf,15,6434,2,clique,False,jnsblp1s,Raccoon,0.0,4,False,8k8pymq3,Mouse,0.0,5,I will participate.,False,2018-09-19 18:54:06.907746+00:00
xsrkblkf,15,6434,2,clique,False,jnsblp1s,Raccoon,0.0,4,False,kk3fvdyr,Cow,1.0,3,I will participate.,False,2018-09-19 18:54:06.910891+00:00
xsrkblkf,15,6434,2,clique,False,jnsblp1s,Raccoon,0.0,4,False,jc3705q8,Beaver,0.0,2,I will participate.,False,2018-09-19 18:54:06.920235+00:00
xsrkblkf,15,6434,2,clique,False,jnsblp1s,Raccoon,0.0,4,False,fb0l0eka,Wolf,1.0,1,I will participate.,False,2018-09-19 18:54:06.977994+00:00
xsrkblkf,15,6434,2,clique,False,8k8pymq3,Mouse,0.0,5,False,jc3705q8,Beaver,0.0,2,I will participate.,False,2018-09-19 18:54:07.655729+00:00
xsrkblkf,15,6434,2,clique,False,8k8pymq3,Mouse,0.0,5,False,kk3fvdyr,Cow,1.0,3,I will participate.,False,2018-09-19 18:54:07.656453+00:00
xsrkblkf,15,6434,2,clique,False,8k8pymq3,Mouse,0.0,5,False,jnsblp1s,Raccoon,0.0,4,I will participate.,False,2018-09-19 18:54:07.665230+00:00
xsrkblkf,15,6434,2,clique,False,8k8pymq3,Mouse,0.0,5,False,fb0l0eka,Wolf,1.0,1,I will participate.,False,2018-09-19 18:54:07.731022+00:00
xsrkblkf,15,6434,2,clique,False,jc3705q8,Beaver,0.0,2,False,jnsblp1s,Raccoon,0.0,4,I will participate.,False,2018-09-19 18:54:08.007734+00:00
xsrkblkf,15,6434,2,clique,False,jc3705q8,Beaver,0.0,2,False,kk3fvdyr,Cow,1.0,3,I will participate.,False,2018-09-19 18:54:08.018691+00:00
xsrkblkf,15,6434,2,clique,False,jc3705q8,Beaver,0.0,2,False,8k8pymq3,Mouse,0.0,5,I will participate.,False,2018-09-19 18:54:08.034397+00:00
xsrkblkf,15,6434,2,clique,False,jc3705q8,Beaver,0.0,2,False,fb0l0eka,Wolf,1.0,1,I will participate.,False,2018-09-19 18:54:08.088024+00:00
xsrkblkf,15,6434,2,clique,False,kk3fvdyr,Cow,1.0,3,False,8k8pymq3,Mouse,0.0,5,I will participate.,False,2018-09-19 18:54:10.479531+00:00
xsrkblkf,15,6434,2,clique,False,kk3fvdyr,Cow,1.0,3,False,jnsblp1s,Raccoon,0.0,4,I will participate.,False,2018-09-19 18:54:10.484992+00:00
xsrkblkf,15,6434,2,clique,False,kk3fvdyr,Cow,1.0,3,False,fb0l0eka,Wolf,1.0,1,I will participate.,False,2018-09-19 18:54:10.538719+00:00
xsrkblkf,15,6434,2,clique,False,kk3fvdyr,Cow,1.0,3,False,jc3705q8,Beaver,0.0,2,I will participate.,False,2018-09-19 18:54:10.552225+00:00
xsrkblkf,15,6434,2,clique,False,fb0l0eka,Wolf,1.0,1,False,jnsblp1s,Raccoon,0.0,4,I will not participate.,False,2018-09-19 18:54:11.079655+00:00
xsrkblkf,15,6434,2,clique,False,fb0l0eka,Wolf,1.0,1,False,kk3fvdyr,Cow,1.0,3,I will not participate.,False,2018-09-19 18:54:16.266663+00:00
xsrkblkf,15,6434,2,clique,False,fb0l0eka,Wolf,1.0,1,False,jc3705q8,Beaver,0.0,2,I will not participate.,False,2018-09-19 18:54:22.029946+00:00
